timeAdapting,timeNonAdapting,timeOffline,quadraticAdapting,quadraticNonAdapting,quadraticOffline,meanSquaredAdapting,meanSquaredNonAdapting,meanSquaredOffline
549.0,1097.0,548.0,0.43015703558921814,0.4310557544231415,0.4310557544231415,485.9893366523829,487.2569372879425,487.2569372879425
1097.0,1098.0,549.0,0.7292998433113098,0.7294820547103882,0.7294820547103882,15.275486647148682,15.909712909186965,15.909712909186965
548.0,1098.0,549.0,0.23612268269062042,0.23679335415363312,0.23679335415363312,-231.68213991825723,-229.4776258658867,-229.4776258658867
549.0,1097.0,1097.0,0.28154659271240234,0.28123149275779724,0.28123149275779724,-177.49186791407647,-177.99209803172516,-177.99209803172516
1097.0,1097.0,548.0,0.5218926668167114,0.5217684507369995,0.5217684507369995,483.6078039427048,487.6202503433715,487.6202503433715
1097.0,1097.0,1645.0,0.9531508684158325,0.9516156315803528,0.9516156315803528,1027.948334225047,1024.882385732274,1024.882385732274
1097.0,549.0,549.0,0.43015703558921814,0.4310557544231415,0.4310557544231415,556.9893366523829,558.2569372879425,558.2569372879425
549.0,1097.0,549.0,0.7015219330787659,0.7036183476448059,0.7036183476448059,-1994.818968192555,-1998.626324623654,-1998.626324623654
1097.0,1097.0,1097.0,0.4648037850856781,0.46760499477386475,0.46760499477386475,-37.3309103760389,-36.32188331794214,-36.32188331794214
1097.0,1097.0,1097.0,0.6546931266784668,0.6556957364082336,0.6556957364082336,-1553.400699817013,-1555.0057453291502,-1555.0057453291502
548.0,549.0,548.0,0.7631509900093079,0.7594062685966492,0.7594062685966492,1009.6713532361955,1008.2289841944539,1008.2289841944539
549.0,549.0,548.0,0.732761561870575,0.7350208163261414,0.7350208163261414,-1476.6845835541699,-1479.730275871474,-1479.730275871474
549.0,549.0,548.0,0.8025800585746765,0.8020006418228149,0.8020006418228149,1228.599300182987,1226.9942546708498,1226.9942546708498
549.0,1097.0,1097.0,1.0564192533493042,1.057776927947998,1.057776927947998,1393.6713532361955,1392.228984194454,1392.228984194454
1098.0,548.0,549.0,0.8231294751167297,0.8235918283462524,0.8235918283462524,-2390.8082253775374,-2391.9149560256524,-2391.9149560256524
1097.0,1097.0,549.0,0.7090253829956055,0.7092756628990173,0.7092756628990173,-2207.1469209939014,-2208.519756608811,-2208.519756608811
548.0,1097.0,549.0,0.42686983942985535,0.42492562532424927,0.42492562532424927,372.393924614531,365.67783913092717,365.67783913092717
549.0,1646.0,1098.0,0.47182199358940125,0.4714225232601166,0.4714225232601166,-245.24820105254548,-251.72639590245308,-251.72639590245308
1097.0,549.0,548.0,0.47182199358940125,0.4714225232601166,0.4714225232601166,641.7517989474545,635.2736040975469,635.2736040975469
1097.0,6034.0,1098.0,0.3330446481704712,0.3394565284252167,0.3394565284252167,-845.2468919929152,-854.6392793915256,-854.6392793915256
1097.0,549.0,549.0,0.4300553798675537,0.4310557544231415,0.4310557544231415,485.92797074658665,487.2569372879425,487.2569372879425
1097.0,1097.0,549.0,0.6723862290382385,0.6722177863121033,0.6722177863121033,104.80659362828828,101.22210144814198,101.22210144814198
1097.0,548.0,1097.0,0.4694255292415619,0.4704648554325104,0.4704648554325104,-1495.1934063717117,-1498.777898551858,-1498.777898551858
548.0,548.0,549.0,0.8095820546150208,0.8082764744758606,0.8082764744758606,-1579.588352150512,-1579.2776145939379,-1579.2776145939379
1097.0,1097.0,1098.0,0.38886305689811707,0.3876896798610687,0.3876896798610687,844.8414306338404,841.8930834406092,841.8930834406092
1097.0,1097.0,1098.0,0.7654915452003479,0.7590163350105286,0.7590163350105286,1462.9566603037524,1458.1795558090228,1458.1795558090228
1097.0,1097.0,1097.0,0.4694255292415619,0.4704648554325104,0.4704648554325104,-1039.1934063717117,-1042.777898551858,-1042.777898551858
1097.0,1097.0,1097.0,0.61640465259552,0.6161239147186279,0.6161239147186279,-138.7120610928123,-134.68197316564874,-134.68197316564874
1097.0,549.0,549.0,0.23757460713386536,0.2379867434501648,0.2379867434501648,-1216.948691448406,-1218.016721846333,-1218.016721846333
549.0,1097.0,1097.0,0.7552158832550049,0.7571918964385986,0.7571918964385986,-2010.6751767428386,-2011.0164514668695,-2011.0164514668695
549.0,549.0,549.0,0.6428277492523193,0.641130268573761,0.641130268573761,111.32482325716137,110.98354853313049,110.98354853313049
549.0,548.0,549.0,0.2908334732055664,0.29484695196151733,0.29484695196151733,-707.0433396962476,-711.8204441909772,-711.8204441909772
1098.0,549.0,1097.0,0.33298882842063904,0.3394565284252167,0.3394565284252167,-655.1740349633965,-664.6392793915256,-664.6392793915256
548.0,1097.0,549.0,0.6406973004341125,0.6416550874710083,0.6416550874710083,1457.214031292905,1455.480243391189,1455.480243391189
549.0,549.0,549.0,0.6911959052085876,0.6907413601875305,0.6907413601875305,-996.6751767428386,-997.0164514668695,-997.0164514668695
549.0,548.0,1097.0,0.794714093208313,0.795490026473999,0.795490026473999,-1588.726889346447,-1595.3221608690728,-1595.3221608690728
1097.0,1097.0,549.0,0.9708622694015503,0.9699966311454773,0.9699966311454773,2530.053419617864,2516.728086567931,2516.728086567931
1645.0,1097.0,1097.0,0.6318277716636658,0.6342906951904297,0.6342906951904297,259.2983169310537,260.98879835746357,260.98879835746357
1098.0,1097.0,549.0,0.6795873641967773,0.6795873641967773,0.6795873641967773,310.83378203589564,310.83378203589564,310.83378203589564
1097.0,1097.0,1646.0,0.19945862889289856,0.2002592235803604,0.2002592235803604,-705.3769921734838,-708.2371046428016,-708.2371046428016
1097.0,549.0,1097.0,0.43000462651252747,0.4310557544231415,0.4310557544231415,485.89729322928906,487.2569372879425,487.2569372879425
548.0,549.0,1098.0,0.4597039818763733,0.458760142326355,0.458760142326355,-838.1052834104157,-842.1392700460528,-842.1392700460528
1097.0,548.0,1097.0,0.19938403367996216,0.2002592235803604,0.2002592235803604,-932.2400963535365,-935.2371046428016,-935.2371046428016
1097.0,548.0,1097.0,0.7014374136924744,0.7036183476448059,0.7036183476448059,-1447.7273622925677,-1451.626324623654,-1451.626324623654
1097.0,1097.0,1098.0,0.3329330384731293,0.3394565284252167,0.3394565284252167,-1439.1011901453421,-1448.6392793915256,-1448.6392793915256
1097.0,1097.0,1097.0,0.22826850414276123,0.2291240245103836,0.2291240245103836,-523.1749064507057,-526.1176142677259,-526.1176142677259
1097.0,1097.0,549.0,0.7015677094459534,0.7021616697311401,0.7021616697311401,-1482.8174807666746,-1483.2898455436898,-1483.2898455436898
1097.0,548.0,1097.0,0.5389479398727417,0.5462809801101685,0.5462809801101685,845.3070162121348,858.3397897821105,858.3397897821105
1097.0,549.0,549.0,0.5549600124359131,0.553879976272583,0.553879976272583,-347.7273622925677,-351.626324623654,-351.626324623654
549.0,1097.0,548.0,0.43000462651252747,0.4310557544231415,0.4310557544231415,518.8972932292891,520.2569372879425,520.2569372879425
1097.0,1097.0,1097.0,0.3329330384731293,0.3394565284252167,0.3394565284252167,-1114.1011901453421,-1123.6392793915256,-1123.6392793915256
1097.0,1097.0,1097.0,0.3329330384731293,0.3394565284252167,0.3394565284252167,-401.1011901453421,-410.63927939152563,-410.63927939152563
549.0,1097.0,1097.0,0.6546302437782288,0.6556957364082336,0.6556957364082336,-1177.3962515794883,-1179.0057453291502,-1179.0057453291502
548.0,549.0,549.0,0.7870064973831177,0.7865924835205078,0.7865924835205078,1650.2726377074323,1646.373675376346,1646.373675376346
548.0,549.0,548.0,0.5366374850273132,0.535996675491333,0.535996675491333,1204.5131045782982,1201.269724128526,1201.269724128526
1097.0,549.0,549.0,0.3632092773914337,0.3646954596042633,0.3646954596042633,-929.9481572677741,-930.7710158055461,-930.7710158055461
1098.0,1097.0,548.0,0.5093221068382263,0.5086479187011719,0.5086479187011719,240.20046946245748,239.58890442766005,239.58890442766005
548.0,549.0,548.0,0.7325970530509949,0.7350208163261414,0.7350208163261414,-1514.4868954217018,-1517.730275871474,-1517.730275871474
1097.0,549.0,1097.0,1.098198413848877,1.1009348630905151,1.1009348630905151,-983.0651468968026,-984.5197566088109,-984.5197566088109
1097.0,1097.0,1097.0,0.5651535391807556,0.5637526512145996,0.5637526512145996,-1910.7130597881733,-1906.6819731656487,-1906.6819731656487
1097.0,549.0,1098.0,0.4299030303955078,0.4310557544231415,0.4310557544231415,485.8359490626881,487.2569372879425,487.2569372879425
1097.0,1097.0,1097.0,0.754873514175415,0.7460393905639648,0.7460393905639648,154.11727107071965,144.36072060847437,144.36072060847437
548.0,1097.0,548.0,0.6724212169647217,0.6722177863121033,0.6722177863121033,-124.95957591804836,-128.77789855185802,-128.77789855185802
1097.0,549.0,549.0,0.949924647808075,0.9482331871986389,0.9482331871986389,-2464.6620641329846,-2460.0781497654393,-2460.0781497654393
1097.0,1097.0,549.0,0.9129106998443604,0.9108434915542603,0.9108434915542603,-2266.4092061716183,-2262.3797496566285,-2262.3797496566285
1646.0,1098.0,1097.0,0.7292128205299377,0.7294820547103882,0.7294820547103882,-434.710646942528,-434.09028709081304,-434.09028709081304
1098.0,1097.0,1097.0,0.7943618893623352,0.795490026473999,0.795490026473999,-708.5024923212231,-715.3221608690728,-715.3221608690728
1645.0,1646.0,1097.0,0.8026224970817566,0.8049951195716858,0.8049951195716858,-1449.747265380448,-1451.9994934508923,-1451.9994934508923
1097.0,548.0,548.0,0.7221587300300598,0.7210661768913269,0.7210661768913269,-1178.164050937312,-1176.7430627120575,-1176.7430627120575
548.0,1098.0,549.0,0.6004340052604675,0.6005485653877258,0.6005485653877258,285.1903176517417,283.5934068210963,283.5934068210963
1097.0,2194.0,2743.0,1.1805710792541504,1.1827185153961182,1.1827185153961182,521.0841933545407,522.0502715343091,522.0502715343091
1097.0,1646.0,1097.0,0.2909789979457855,0.29484695196151733,0.29484695196151733,94.78287885744362,90.17955580902276,90.17955580902276
1097.0,549.0,1097.0,0.4595489203929901,0.458760142326355,0.458760142326355,-412.0285999300322,-416.13927004605284,-416.13927004605284
1097.0,1098.0,2194.0,0.36301714181900024,0.3646954596042633,0.3646954596042633,-925.6839730750398,-926.7710158055461,-926.7710158055461
1097.0,1097.0,1646.0,0.33276569843292236,0.3394565284252167,0.3394565284252167,-811.8827289292803,-821.6392793915256,-821.6392793915256
1097.0,549.0,549.0,0.7004749774932861,0.7012969255447388,0.7012969255447388,1297.289353057472,1297.909712909187,1297.909712909187
1097.0,549.0,548.0,0.9776471853256226,0.9785783886909485,0.9785783886909485,2946.4461019907712,2945.9835485331305,2945.9835485331305
1097.0,548.0,549.0,1.038918375968933,1.0387346744537354,1.0387346744537354,2261.935195549917,2263.268554368481,2263.268554368481
1097.0,1097.0,1097.0,0.11008747667074203,0.10946278274059296,0.10946278274059296,377.08419335454073,378.0502715343091,378.0502715343091
549.0,549.0,549.0,0.28149962425231934,0.28123149275779724,0.28123149275779724,123.49037989806538,123.00790196827484,123.00790196827484
1097.0,549.0,1097.0,0.4299023747444153,0.4310557544231415,0.4310557544231415,485.86655791679095,487.2569372879425,487.2569372879425
549.0,548.0,549.0,0.7291598320007324,0.7294820547103882,0.7294820547103882,407.2241906716754,407.90971290918696,407.90971290918696
549.0,549.0,1097.0,1.0074657201766968,1.0068647861480713,1.0068647861480713,1542.866557916791,1544.2569372879425,1544.2569372879425
549.0,548.0,1097.0,0.5218518376350403,0.5217684507369995,0.5217684507369995,157.81558143727807,161.62025034337148,161.62025034337148
549.0,1097.0,1646.0,0.3628251254558563,0.3646954596042633,0.3646954596042633,-971.4199286185349,-972.7710158055461,-972.7710158055461
549.0,549.0,1097.0,0.6597972512245178,0.6626524329185486,0.6626524329185486,-242.09426051998798,-240.36824362583548,-240.36824362583548
1097.0,1098.0,549.0,0.917888879776001,0.9171915054321289,0.9171915054321289,1197.1239469690581,1195.983278153667,1195.983278153667
549.0,549.0,548.0,0.700425386428833,0.7012969255447388,0.7012969255447388,1289.2241906716754,1289.909712909187,1289.909712909187
1097.0,1097.0,1097.0,0.6405362486839294,0.6416550874710083,0.6416550874710083,1807.0945460326484,1805.480243391189,1805.480243391189
1097.0,549.0,548.0,0.7681969404220581,0.7665651440620422,0.7665651440620422,364.5964043560625,361.2697241285259,361.2697241285259
1097.0,1097.0,549.0,1.2361397743225098,1.2353968620300293,1.2353968620300293,2129.123946969058,2127.983278153667,2127.983278153667
548.0,1097.0,1098.0,0.7014285326004028,0.7036183476448059,0.7036183476448059,-1426.699878841433,-1430.626324623654,-1430.626324623654
549.0,549.0,549.0,0.6428555846214294,0.641130268573761,0.641130268573761,589.2801461869922,588.9835485331305,588.9835485331305
1097.0,548.0,549.0,0.809013307094574,0.8082764744758606,0.8082764744758606,-1596.3209713553183,-1596.2776145939379,-1596.2776145939379
549.0,548.0,549.0,0.6597972512245178,0.6626524329185486,0.6626524329185486,-957.094260519988,-955.3682436258355,-955.3682436258355
1097.0,549.0,1097.0,0.5660530924797058,0.5654101967811584,0.5654101967811584,646.7200527107907,644.9942546708498,644.9942546708498
549.0,548.0,548.0,0.6912088394165039,0.6907413601875305,0.6907413601875305,-820.7198538130078,-821.0164514668695,-821.0164514668695
548.0,549.0,548.0,0.5365990400314331,0.535996675491333,0.535996675491333,1270.5964043560625,1267.269724128526,1267.269724128526
1097.0,1097.0,1097.0,0.33278635144233704,0.3394565284252167,0.3394565284252167,-1110.8438991089915,-1120.6392793915256,-1120.6392793915256
549.0,549.0,548.0,0.5218518376350403,0.5217684507369995,0.5217684507369995,-283.18441856272193,-279.3797496566285,-279.3797496566285
1097.0,3292.0,2194.0,0.42988482117652893,0.4310557544231415,0.4310557544231415,485.7330528437851,487.2569372879425,487.2569372879425
3840.0,2194.0,2194.0,0.7003759145736694,0.7012969255447388,0.7012969255447388,894.1590438313633,894.909712909187,894.909712909187
1645.0,549.0,1097.0,0.6911537647247314,0.6907413601875305,0.6907413601875305,-1311.7441638345927,-1312.0164514668695,-1312.0164514668695
1645.0,2194.0,2195.0,0.33273062109947205,0.3394565284252167,0.3394565284252167,-1222.7711185536864,-1232.6392793915256,-1232.6392793915256
548.0,1097.0,549.0,0.8270923495292664,0.8256149888038635,0.8256149888038635,-3349.9023778647015,-3345.764399069042,-3345.764399069042
1097.0,1646.0,2194.0,0.16209660470485687,0.16280338168144226,0.16280338168144226,-158.30012402831562,-157.5377630980979,-157.5377630980979
1097.0,548.0,1098.0,0.33273062109947205,0.3394565284252167,0.3394565284252167,-1119.7711185536864,-1129.6392793915256,-1129.6392793915256
1097.0,1097.0,1097.0,0.9846727848052979,0.9842134118080139,0.9842134118080139,2551.7218052557573,2544.677839130927,2544.677839130927
1646.0,2743.0,2195.0,0.9901185631752014,0.9886291027069092,0.9886291027069092,1154.8967482790767,1151.7628953571984,1151.7628953571984
1097.0,1097.0,1097.0,0.6545867323875427,0.6556957364082336,0.6556957364082336,-893.2914608338515,-895.0057453291502,-895.0057453291502
1646.0,1646.0,2743.0,0.13955144584178925,0.140857994556427,0.140857994556427,-692.5554726944638,-694.8029876992537,-694.8029876992537
548.0,549.0,549.0,0.5958053469657898,0.5947989821434021,0.5947989821434021,-2015.8409561686367,-2015.090287090813,-2015.090287090813
548.0,1097.0,549.0,1.0380116701126099,1.0362093448638916,1.0362093448638916,-411.3001240283156,-410.5377630980979,-410.5377630980979
549.0,548.0,548.0,0.23607689142227173,0.23679335415363312,0.23679335415363312,649.3294342294289,651.5223741341133,651.5223741341133
548.0,1097.0,1097.0,0.42988482117652893,0.4310557544231415,0.4310557544231415,470.7330528437851,472.2569372879425,472.2569372879425
1097.0,549.0,548.0,0.6545867323875427,0.6556957364082336,0.6556957364082336,-1178.2914608338515,-1180.0057453291502,-1180.0057453291502
1097.0,1098.0,1097.0,0.33273062109947205,0.3394565284252167,0.3394565284252167,-774.7711185536864,-784.6392793915256,-784.6392793915256
1097.0,1097.0,549.0,0.5092300772666931,0.5086479187011719,0.5086479187011719,302.1508151166381,301.58890442766005,301.58890442766005
1097.0,548.0,549.0,0.7003759145736694,0.7012969255447388,0.7012969255447388,921.1590438313633,921.909712909187,921.909712909187
1097.0,548.0,1097.0,0.9901185631752014,0.9886291027069092,0.9886291027069092,1308.8967482790767,1305.7628953571984,1305.7628953571984
1097.0,548.0,548.0,0.4297833740711212,0.4310557544231415,0.4310557544231415,485.67174978966796,487.2569372879425,487.2569372879425
1097.0,548.0,1097.0,1.1471716165542603,1.1452584266662598,1.1452584266662598,3359.3916978219113,3355.373675376346,3355.373675376346
1097.0,548.0,548.0,0.6543719172477722,0.6556957364082336,0.6556957364082336,-959.0589267070463,-961.0057453291502,-961.0057453291502
548.0,548.0,1097.0,0.6910475492477417,0.6907413601875305,0.6907413601875305,-197.69649885326908,-198.0164514668695,-198.0164514668695
1097.0,549.0,549.0,0.7870129346847534,0.7865924835205078,0.7865924835205078,1355.3916978219113,1351.373675376346,1351.373675376346
1097.0,1097.0,0.0,0.7783839702606201,0.778378427028656,0.778378427028656,925.8417426057313,926.5299779508377,926.5299779508377
1097.0,1645.0,1097.0,0.7014508843421936,0.7021616697311401,0.7021616697311401,-1041.7443704177108,-1042.2898455436898,-1042.2898455436898
548.0,548.0,549.0,0.7326527237892151,0.7350208163261414,0.7350208163261414,-1560.4950354273556,-1563.730275871474,-1563.730275871474
549.0,548.0,1097.0,0.8026783466339111,0.8020006418228149,0.8020006418228149,800.9410732929537,798.9942546708498,798.9942546708498
1097.0,1097.0,549.0,0.4297833740711212,0.4310557544231415,0.4310557544231415,73.67174978966796,75.25693728794249,75.25693728794249
1097.0,1645.0,1645.0,0.33256345987319946,0.3394565284252167,0.3394565284252167,-810.5528500244927,-820.6392793915256,-820.6392793915256
1097.0,549.0,1097.0,0.5550223588943481,0.553879976272583,0.553879976272583,389.3916978219113,385.373675376346,385.373675376346
2194.0,2194.0,2195.0,0.3801153004169464,0.38543203473091125,0.38543203473091125,-582.9115015479056,-584.2327779558541,-584.2327779558541
1097.0,1097.0,1097.0,0.6631942987442017,0.6666459441184998,0.6666459441184998,1023.5840039310187,1029.1312420906152,1029.1312420906152
1097.0,1097.0,1097.0,0.9825946688652039,0.9808768630027771,0.9808768630027771,1590.0384180975025,1586.222101448142,1586.222101448142
1097.0,548.0,548.0,0.11020724475383759,0.10946278274059296,0.10946278274059296,-917.0891393459033,-915.9497284656909,-915.9497284656909
1097.0,1097.0,1097.0,0.729215145111084,0.7294820547103882,0.7294820547103882,-28.90908915331147,-28.090287090813035,-28.090287090813035
1097.0,1097.0,1645.0,0.3626333177089691,0.3646954596042633,0.3646954596042633,-802.1560237874228,-803.7710158055461,-803.7710158055461
1097.0,549.0,548.0,0.1996126025915146,0.2002592235803604,0.2002592235803604,-571.4117935607319,-574.2371046428016,-574.2371046428016
1097.0,549.0,549.0,0.4644380807876587,0.46760499477386475,0.46760499477386475,-69.52527147999353,-68.32188331794214,-68.32188331794214
1097.0,1097.0,548.0,0.4296818971633911,0.4310557544231415,0.4310557544231415,485.6104612070976,487.2569372879425,487.2569372879425
548.0,549.0,548.0,0.5662038326263428,0.5654101967811584,0.5654101967811584,521.9454632644306,519.9942546708498,519.9942546708498
1097.0,548.0,549.0,0.7572360038757324,0.7584263682365417,0.7584263682365417,-1810.798689276196,-1812.4065931789037,-1812.4065931789037
1097.0,1097.0,1097.0,0.3850371241569519,0.38283148407936096,0.38283148407936096,-103.8778781707465,-102.01120164253643,-102.01120164253643
549.0,548.0,1097.0,0.7223897576332092,0.7210661768913269,0.7210661768913269,-1459.3895387929024,-1457.7430627120575,-1457.7430627120575
1097.0,549.0,1097.0,0.36244162917137146,0.3646954596042633,0.3646954596042633,-1050.8922584709826,-1052.771015805546,-1052.771015805546
1097.0,548.0,549.0,0.7013341784477234,0.7021616697311401,0.7021616697311401,-242.67127224009982,-243.2898455436898,-243.2898455436898
548.0,549.0,549.0,0.7014287114143372,0.7036183476448059,0.7036183476448059,-1548.8249492455807,-1552.626324623654,-1552.626324623654
1097.0,549.0,1098.0,0.3850371241569519,0.38283148407936096,0.38283148407936096,-1201.8778781707465,-1200.0112016425364,-1200.0112016425364
1646.0,1097.0,1646.0,0.33250775933265686,0.3394565284252167,0.3394565284252167,-526.4801182167957,-536.6392793915256,-536.6392793915256
549.0,1097.0,548.0,0.7869617342948914,0.7865924835205078,0.7865924835205078,799.1750507544193,795.373675376346,795.373675376346
1097.0,1097.0,548.0,0.1698591262102127,0.1716243177652359,0.1716243177652359,-388.116744264069,-390.40179169851444,-390.40179169851444
1097.0,549.0,548.0,0.6314775943756104,0.6342906951904297,0.6342906951904297,281.1221218292535,282.98879835746357,282.98879835746357
1097.0,1097.0,548.0,0.19953802227973938,0.2002592235803604,0.2002592235803604,-889.2749935553411,-892.2371046428016,-892.2371046428016
1097.0,1097.0,548.0,0.7002848386764526,0.7012969255447388,0.7012969255447388,1620.1047816482223,1620.909712909187,1620.909712909187
548.0,1097.0,1097.0,0.1698591262102127,0.1716243177652359,0.1716243177652359,-126.11674426406898,-128.40179169851444,-128.40179169851444
548.0,549.0,549.0,1.0565224885940552,1.057776927947998,1.057776927947998,1319.1077415290174,1317.228984194454,1317.228984194454
1097.0,549.0,549.0,0.5650467276573181,0.5637526512145996,0.5637526512145996,-1092.5936798799803,-1088.6819731656487,-1088.6819731656487
1097.0,1097.0,549.0,0.23765628039836884,0.2379867434501648,0.2379867434501648,-1437.126213674178,-1438.016721846333,-1438.016721846333
1097.0,1097.0,549.0,0.7869617342948914,0.7865924835205078,0.7865924835205078,882.1750507544193,878.373675376346,878.373675376346
1097.0,549.0,549.0,0.4296812117099762,0.4310557544231415,0.4310557544231415,485.64108222333743,487.2569372879425,487.2569372879425
1098.0,548.0,549.0,0.7223545908927917,0.7210661768913269,0.7210661768913269,-1615.3589177766626,-1613.7430627120575,-1613.7430627120575
1646.0,1097.0,1097.0,0.5216736793518066,0.5217684507369995,0.5217684507369995,-289.21846555629054,-285.3797496566285,-285.3797496566285
549.0,1097.0,549.0,0.7570647597312927,0.7584263682365417,0.7584263682365417,-1390.6116488265689,-1392.4065931789037,-1392.4065931789037
1097.0,1097.0,1097.0,0.16214773058891296,0.16280338168144226,0.16280338168144226,137.784636483364,138.4622369019021,138.4622369019021
549.0,549.0,1098.0,0.7570647597312927,0.7584263682365417,0.7584263682365417,-1351.6116488265689,-1353.4065931789037,-1353.4065931789037
549.0,549.0,549.0,0.7681585550308228,0.7665651440620422,0.7665651440620422,390.70252056952177,387.2697241285259,387.2697241285259
549.0,1097.0,548.0,1.2532625198364258,1.2529923915863037,1.2529923915863037,2114.4726306713737,2114.007901968275,2114.007901968275
1097.0,549.0,549.0,0.7553829550743103,0.7571918964385986,0.7571918964385986,-1688.6488411948121,-1689.0164514668695,-1689.0164514668695
549.0,549.0,548.0,0.2814526855945587,0.28123149275779724,0.28123149275779724,-242.52736932862626,-242.99209803172516,-242.99209803172516
548.0,549.0,548.0,0.7324883341789246,0.7350208163261414,0.7350208163261414,-1182.2974794304782,-1185.730275871474,-1185.730275871474
1098.0,548.0,549.0,1.0075620412826538,1.0068647861480713,1.0068647861480713,1178.6410822233374,1180.2569372879425,1180.2569372879425
548.0,548.0,548.0,0.7553829550743103,0.7571918964385986,0.7571918964385986,-2171.648841194812,-2172.0164514668695,-2172.0164514668695
548.0,548.0,548.0,0.6003708243370056,0.6005485653877258,0.6005485653877258,462.38835117343115,460.5934068210963,460.5934068210963
548.0,1097.0,1097.0,0.433137446641922,0.4346140921115875,0.4346140921115875,-1021.020101620974,-1023.813019712451,-1023.813019712451
1097.0,1097.0,1097.0,0.9824098348617554,0.9808768630027771,0.9808768630027771,1919.8899271586124,1916.222101448142,1916.222101448142
548.0,548.0,548.0,0.6894322633743286,0.6902415156364441,0.6902415156364441,1310.7815344437095,1314.6202503433715,1314.6202503433715
1097.0,1097.0,1097.0,0.7734134197235107,0.7723527550697327,0.7723527550697327,671.8326732065962,668.2307434835175,668.2307434835175
548.0,1098.0,549.0,0.388384610414505,0.3876896798610687,0.3876896798610687,846.3459751383871,843.8930834406092,843.8930834406092
1097.0,1098.0,1097.0,0.4271561801433563,0.42492562532424927,0.42492562532424927,1093.3301111564633,1086.6778391309272,1086.6778391309272
1097.0,1097.0,548.0,0.42971375584602356,0.4310557544231415,0.4310557544231415,485.5689200712177,487.2569372879425,487.2569372879425
1097.0,7680.0,1097.0,1.0561178922653198,1.057776927947998,1.057776927947998,1215.9004011002216,1214.228984194454,1214.228984194454
1097.0,549.0,1097.0,0.9776434898376465,0.9785783886909485,0.9785783886909485,2945.642200652842,2944.9835485331305,2944.9835485331305
1097.0,549.0,548.0,0.42971375584602356,0.4310557544231415,0.4310557544231415,-141.4310799287823,-139.7430627120575,-139.7430627120575
548.0,1097.0,549.0,0.3360925316810608,0.3349449932575226,0.3349449932575226,849.3776851767993,847.0005065491077,847.0005065491077
1098.0,548.0,549.0,0.659446656703949,0.657865583896637,0.657865583896637,871.7732286958744,869.5934068210963,869.5934068210963
1097.0,548.0,548.0,0.3879070580005646,0.3876896798610687,0.3876896798610687,493.8511290221477,491.8930834406092,491.8930834406092
548.0,1645.0,2194.0,0.46830224990844727,0.46615472435951233,0.46615472435951233,-374.55222007878456,-374.8819622062356,-374.8819622062356
1098.0,1097.0,1097.0,0.887977659702301,0.8885807394981384,0.8885807394981384,-195.81725184966763,-196.22587713112353,-196.22587713112353
1097.0,1646.0,1097.0,0.541257381439209,0.5409635901451111,0.5409635901451111,248.41081104300065,246.84455941396027,246.84455941396027
1097.0,1098.0,1097.0,0.46951350569725037,0.4704648554325104,0.4704648554325104,-1005.258535847619,-1008.777898551858,-1008.777898551858
1097.0,1097.0,1097.0,0.755281925201416,0.7460393905639648,0.7460393905639648,688.5926014116521,678.3607206084744,678.3607206084744
549.0,1097.0,549.0,0.3436239957809448,0.3429968059062958,0.3429968059062958,-162.59818623080355,-163.2898455436898,-163.2898455436898
1097.0,548.0,1097.0,0.7291622757911682,0.7294820547103882,0.7294820547103882,-251.97420067895928,-251.09028709081304,-251.09028709081304
549.0,548.0,549.0,0.33245208859443665,0.3394565284252167,0.3394565284252167,-655.4073985883479,-665.6392793915256,-665.6392793915256
1097.0,549.0,549.0,0.16975587606430054,0.1716243177652359,0.1716243177652359,85.00441215060573,82.59820830148556,82.59820830148556
2195.0,2194.0,2195.0,0.02489558234810829,0.02511819824576378,0.02511819824576378,377.4184993979429,376.51174959138007,376.51174959138007
1097.0,1097.0,549.0,0.6316725611686707,0.6342906951904297,0.6342906951904297,92.27145181115884,93.98879835746357,93.98879835746357
1097.0,549.0,549.0,0.7323800325393677,0.7350208163261414,0.7350208163261414,-1248.0771437724034,-1251.730275871474,-1251.730275871474
548.0,1097.0,1097.0,0.7639978528022766,0.7594062685966492,0.7594062685966492,977.9004011002216,976.2289841944539,976.2289841944539
1646.0,1097.0,548.0,0.42961233854293823,0.4310557544231415,0.4310557544231415,485.5076689296884,487.2569372879425,487.2569372879425
1097.0,549.0,548.0,0.42961233854293823,0.4310557544231415,0.4310557544231415,-26.492331070311593,-24.743062712057508,-24.743062712057508
1097.0,1097.0,548.0,1.0718755722045898,1.073448896408081,1.073448896408081,-1980.2224901212312,-1983.7692565164825,-1983.7692565164825
1097.0,548.0,1097.0,0.6828435063362122,0.6927847266197205,0.6927847266197205,-2177.1010089408173,-2187.271913432069,-2187.271913432069
548.0,549.0,548.0,0.7680982947349548,0.7665651440620422,0.7665651440620422,287.1202989076269,283.2697241285259,283.2697241285259
1098.0,1097.0,1097.0,1.248253583908081,1.2495059967041016,1.2495059967041016,2338.5256774761965,2342.3180268343513,2342.3180268343513
1097.0,549.0,549.0,0.555137038230896,0.553879976272583,0.553879976272583,-384.8912031620566,-388.626324623654,-388.626324623654
1097.0,548.0,549.0,0.2814445495605469,0.28123149275779724,0.28123149275779724,789.2852223842538,789.0079019682748,789.0079019682748
1097.0,1097.0,1097.0,0.3851553201675415,0.38283148407936096,0.38283148407936096,-1050.9045407020803,-1049.0112016425364,-1049.0112016425364
1097.0,549.0,548.0,0.7014058828353882,0.7036183476448059,0.7036183476448059,-1127.8912031620566,-1131.626324623654,-1131.626324623654
1098.0,1097.0,549.0,0.8620179295539856,0.8642622232437134,0.8642622232437134,744.5256774761965,748.3180268343513,748.3180268343513
1097.0,1097.0,1097.0,0.7552318572998047,0.7460393905639648,0.7460393905639648,-7.368674355331677,-17.639279391525633,-17.639279391525633
1097.0,1097.0,1097.0,0.9129335880279541,0.9108434915542603,0.9108434915542603,-2165.356876249408,-2161.3797496566285,-2161.3797496566285
1097.0,1097.0,548.0,0.16211289167404175,0.16280338168144226,0.16280338168144226,-327.23869328891897,-326.5377630980979,-326.5377630980979
1097.0,1097.0,549.0,0.5419169664382935,0.5381940007209778,0.5381940007209778,-901.7194797013663,-900.3218833179421,-900.3218833179421
549.0,549.0,549.0,0.8265992403030396,0.8256149888038635,0.8256149888038635,-3158.8863780997112,-3155.764399069042,-3155.764399069042
1097.0,549.0,1097.0,0.7552318572998047,0.7460393905639648,0.7460393905639648,-314.3686743553317,-324.63927939152563,-324.63927939152563
1097.0,1098.0,1097.0,0.6724404096603394,0.6722177863121033,0.6722177863121033,-443.1406667635547,-446.777898551858,-446.777898551858
548.0,549.0,548.0,0.6893819570541382,0.6902415156364441,0.6902415156364441,1183.6431237505922,1187.6202503433715,1187.6202503433715
548.0,549.0,548.0,0.7624919414520264,0.7618229389190674,0.7618229389190674,-2398.6431088384334,-2400.106916559391,-2400.106916559391
1097.0,549.0,549.0,0.42951101064682007,0.4310557544231415,0.4310557544231415,485.44643223977164,487.2569372879425,487.2569372879425
1097.0,549.0,548.0,1.0076251029968262,1.0068647861480713,1.0068647861480713,2529.4464322397716,2531.2569372879425,2531.2569372879425
1097.0,549.0,548.0,0.4695058763027191,0.4704648554325104,0.4704648554325104,-1752.14265496414,-1755.777898551858,-1755.777898551858
548.0,1097.0,1097.0,0.6403341293334961,0.6416550874710083,0.6416550874710083,2552.815474812084,2551.480243391189,2551.480243391189
549.0,549.0,549.0,0.6589946746826172,0.6604269742965698,0.6604269742965698,1707.3859035009905,1710.9218502345607,1710.9218502345607
1098.0,1097.0,0.0,0.38560670614242554,0.3854126036167145,0.3854126036167145,227.7147443637432,228.52997795083775,228.52997795083775
1097.0,549.0,1098.0,0.5411036610603333,0.5409635901451111,0.5409635901451111,567.2770627278524,565.8445594139603,565.8445594139603
549.0,1097.0,1098.0,0.38494211435317993,0.38283148407936096,0.38283148407936096,-981.7419584385607,-980.0112016425364,-980.0112016425364
548.0,549.0,549.0,0.5959407091140747,0.5947989821434021,0.5947989821434021,-1048.9603276494308,-1048.090287090813,-1048.090287090813
549.0,1097.0,548.0,0.538203775882721,0.5462809801101685,0.5462809801101685,-205.11762853147957,-191.66021021788947,-191.66021021788947
548.0,548.0,548.0,0.5787947773933411,0.5821927785873413,0.5821927785873413,1708.297627470753,1712.533355061752,1712.533355061752
1097.0,1097.0,548.0,0.7568612098693848,0.7584263682365417,0.7584263682365417,-989.3540172157273,-991.4065931789037,-991.4065931789037
548.0,549.0,549.0,0.38560670614242554,0.3854126036167145,0.3854126036167145,-628.2852556362568,-627.4700220491623,-627.4700220491623
548.0,548.0,549.0,0.7322718501091003,0.7350208163261414,0.7350208163261414,-1116.856906930634,-1120.730275871474,-1120.730275871474
549.0,549.0,1098.0,0.7225353717803955,0.7210661768913269,0.7210661768913269,-744.5535677602284,-742.7430627120575,-742.7430627120575
1097.0,548.0,549.0,0.4695058763027191,0.4704648554325104,0.4704648554325104,-789.1426549641401,-792.777898551858,-792.777898551858
1097.0,548.0,1097.0,0.7290753126144409,0.7294820547103882,0.7294820547103882,-820.9603276494308,-820.090287090813,-820.090287090813
548.0,548.0,0.0,0.38560670614242554,0.3854126036167145,0.3854126036167145,-73.2852556362568,-72.47002204916225,-72.47002204916225
1097.0,1097.0,1097.0,0.5091380476951599,0.5086479187011719,0.5086479187011719,470.10116974343646,469.58890442766005,469.58890442766005
1097.0,1097.0,549.0,0.34356680512428284,0.3429968059062958,0.3429968059062958,-217.6268762005734,-218.2898455436898,-218.2898455436898
1097.0,548.0,549.0,0.42954355478286743,0.4310557544231415,0.4310557544231415,485.3743343160568,487.2569372879425,487.2569372879425
548.0,549.0,1097.0,0.643031895160675,0.641130268573761,0.641130268573761,991.4763190048852,990.9835485331305,990.9835485331305
1097.0,1098.0,1097.0,0.5650117993354797,0.5637526512145996,0.5637526512145996,-1880.8859688725188,-1876.6819731656487,-1876.6819731656487
1097.0,1097.0,549.0,0.6921107172966003,0.6946271657943726,0.6946271657943726,-2173.8675080958137,-2177.7692565164825,-2177.7692565164825
548.0,1097.0,549.0,0.6165049076080322,0.6161239147186279,0.6161239147186279,-128.8859688725188,-124.68197316564874,-124.68197316564874
1097.0,548.0,549.0,1.007555365562439,1.0068647861480713,1.0068647861480713,2522.374334316057,2524.2569372879425,2524.2569372879425
549.0,1097.0,549.0,0.786873459815979,0.7865924835205078,0.7865924835205078,1712.215184016206,1708.373675376346,1708.373675376346
549.0,1097.0,549.0,0.5370404124259949,0.535996675491333,0.535996675491333,852.3404667895074,848.2697241285259,848.2697241285259
2194.0,1646.0,1646.0,1.278794288635254,1.279590368270874,1.279590368270874,1831.628744810579,1832.08205466181,1832.08205466181
549.0,1097.0,548.0,1.164556860923767,1.1640698909759521,1.1640698909759521,2666.143380212111,2666.909712909187,2666.909712909187
1098.0,1097.0,1646.0,1.2116966247558594,1.2097342014312744,1.2097342014312744,2335.0133006824144,2331.882385732274,2331.882385732274
1097.0,549.0,548.0,0.7551714777946472,0.7571918964385986,0.7571918964385986,-2677.523680995115,-2678.0164514668695,-2678.0164514668695
548.0,549.0,548.0,0.7551714777946472,0.7571918964385986,0.7571918964385986,-1636.5236809951148,-1637.0164514668695,-1637.0164514668695
1097.0,549.0,1097.0,0.786873459815979,0.7865924835205078,0.7865924835205078,1507.215184016206,1503.373675376346,1503.373675376346
549.0,549.0,548.0,0.643031895160675,0.641130268573761,0.641130268573761,113.47631900488523,112.98354853313049,112.98354853313049
549.0,1097.0,549.0,1.0437625646591187,1.0441458225250244,1.0441458225250244,2119.3410061326676,2121.5223741341133,2121.5223741341133
1097.0,1097.0,1097.0,0.33262553811073303,0.3394565284252167,0.3394565284252167,-1147.43662372763,-1157.6392793915256,-1157.6392793915256
548.0,1097.0,1097.0,0.45432618260383606,0.4501948058605194,0.4501948058605194,-20.924297091428343,-26.10174822830413,-26.10174822830413
549.0,1097.0,549.0,0.0,0.0,0.0,119.86793033073332,119.86793033073332,119.86793033073332
1097.0,548.0,549.0,0.0,0.0,0.0,-66.13206966926668,-66.13206966926668,-66.13206966926668
1097.0,549.0,549.0,0.42952606081962585,0.4310557544231415,0.4310557544231415,485.24102899837635,487.2569372879425,487.2569372879425
549.0,1097.0,549.0,0.5217675566673279,0.5217684507369995,0.5217684507369995,246.74643130869345,250.62025034337148,250.62025034337148
549.0,548.0,548.0,0.7003194689750671,0.7012969255447388,0.7012969255447388,1730.9915274423502,1731.909712909187,1731.909712909187
548.0,1097.0,549.0,0.5409501194953918,0.5409635901451111,0.5409635901451111,1293.1433523878077,1291.8445594139603,1291.8445594139603
1097.0,549.0,549.0,0.23761294782161713,0.2379867434501648,0.2379867434501648,-1261.0535789386677,-1262.016721846333,-1262.016721846333
1097.0,548.0,549.0,0.7784854173660278,0.778378427028656,0.778378427028656,1973.7248825231081,1974.5299779508377,1974.5299779508377
1097.0,1097.0,1097.0,0.672475278377533,0.6722177863121033,0.6722177863121033,-611.9070050783048,-615.777898551858,-615.777898551858
1098.0,1097.0,1097.0,0.5157663822174072,0.5207350254058838,0.5207350254058838,-1521.1705031672464,-1526.5304284065414,-1526.5304284065414
1097.0,549.0,549.0,0.7225819826126099,0.7210661768913269,0.7210661768913269,-434.75897100162365,-432.7430627120575,-432.7430627120575
549.0,549.0,549.0,1.0491029024124146,1.0495978593826294,1.0495978593826294,-1754.2535686913066,-1750.3797496566285,-1750.3797496566285
1097.0,548.0,548.0,0.7014278173446655,0.7036183476448059,0.7036183476448059,-1285.9425878595484,-1289.626324623654,-1289.626324623654
1097.0,1098.0,1097.0,0.7013763785362244,0.7021616697311401,0.7021616697311401,-448.65556139525233,-449.2898455436898,-449.2898455436898
1097.0,549.0,548.0,0.7003194689750671,0.7012969255447388,0.7012969255447388,1546.9915274423502,1547.909712909187,1547.909712909187
1646.0,1097.0,1097.0,0.19946347177028656,0.2002592235803604,0.2002592235803604,-228.13824466323604,-231.23710464280157,-231.23710464280157
548.0,549.0,548.0,0.7321895956993103,0.7350208163261414,0.7350208163261414,-1556.7738324275006,-1560.730275871474,-1560.730275871474
2194.0,1098.0,2195.0,0.02487398125231266,0.02511819824576378,0.02511819824576378,-469.4932995900349,-470.48825040861993,-470.48825040861993
1097.0,1097.0,1097.0,1.2007014751434326,1.1952217817306519,1.1952217817306519,2258.636061830388,2248.3607206084744,2248.3607206084744
1098.0,548.0,549.0,1.0491029024124146,1.0495978593826294,1.0495978593826294,-1938.2535686913066,-1934.3797496566285,-1934.3797496566285
548.0,549.0,549.0,0.8210457563400269,0.8213984370231628,0.8213984370231628,-824.7325052961041,-824.9920980317252,-824.9920980317252
549.0,548.0,548.0,0.33601969480514526,0.3349449932575226,0.3349449932575226,-8.629866343603226,-10.99949345089226,-10.99949345089226
1097.0,549.0,549.0,0.4295254349708557,0.4310557544231415,0.4310557544231415,485.271668302481,487.2569372879425,487.2569372879425
1097.0,549.0,549.0,0.0,0.0,0.0,15.867930330733316,15.867930330733316,15.867930330733316
1098.0,549.0,1097.0,0.19938895106315613,0.2002592235803604,0.2002592235803604,-661.0015468557722,-664.2371046428016,-664.2371046428016
2194.0,1646.0,1645.0,0.16970427334308624,0.1716243177652359,0.1716243177652359,-616.9350372617064,-619.4017916985144,-619.4017916985144
548.0,1097.0,549.0,0.6429268717765808,0.641130268573761,0.641130268573761,1115.6233456622958,1114.9835485331305,1114.9835485331305
1097.0,549.0,549.0,0.4295254349708557,0.4310557544231415,0.4310557544231415,714.271668302481,716.2569372879425,716.2569372879425
549.0,549.0,548.0,0.7867149114608765,0.7865924835205078,0.7865924835205078,1604.1489427894921,1600.373675376346,1600.373675376346
1097.0,1646.0,1097.0,0.22829388082027435,0.2291240245103836,0.2291240245103836,-528.4903325893183,-531.1176142677259,-531.1176142677259
1097.0,1097.0,1097.0,0.5500261187553406,0.5485581755638123,0.5485581755638123,-926.9813961789541,-932.866938286943,-932.866938286943
2194.0,1645.0,1646.0,0.4936280846595764,0.49403834342956543,0.49403834342956543,-450.9484666595795,-451.41109557233995,-451.41109557233995
549.0,548.0,548.0,1.1398767232894897,1.1384295225143433,1.1384295225143433,-2054.728331697519,-2052.7430627120575,-2052.7430627120575
549.0,549.0,1097.0,1.0666382312774658,1.0654728412628174,1.0654728412628174,2055.9600852426947,2057.6317563741645,2057.6317563741645
1646.0,1646.0,1098.0,0.3847290873527527,0.38283148407936096,0.38283148407936096,-554.5794661614509,-553.0112016425364,-553.0112016425364
1097.0,1097.0,1097.0,0.654373049736023,0.6556957364082336,0.6556957364082336,-1127.0660640485094,-1129.0057453291502,-1129.0057453291502
1097.0,1097.0,549.0,0.3326089084148407,0.3394565284252167,0.3394565284252167,-1141.5282299430219,-1151.6392793915256,-1151.6392793915256
548.0,549.0,549.0,0.6005367636680603,0.6005485653877258,0.6005485653877258,472.83286732932993,470.5934068210963,470.5934068210963
549.0,548.0,1097.0,0.53700190782547,0.535996675491333,0.535996675491333,730.4234877371669,726.2697241285259,726.2697241285259
1098.0,548.0,549.0,0.5661109685897827,0.5654101967811584,0.5654101967811584,653.9339359514906,651.9942546708498,651.9942546708498
549.0,1097.0,1097.0,0.8209088444709778,0.8213984370231628,0.8213984370231628,-724.6482836909054,-724.9920980317252,-724.9920980317252
1097.0,1097.0,549.0,0.5374611616134644,0.5462809801101685,0.5462809801101685,843.4583128460135,857.3397897821105,857.3397897821105
1098.0,548.0,549.0,0.42944949865341187,0.4310557544231415,0.4310557544231415,485.3468346107038,487.2569372879425,487.2569372879425
549.0,1097.0,548.0,0.3359469175338745,0.3349449932575226,0.3349449932575226,-63.63741622788393,-65.99949345089226,-65.99949345089226
1097.0,1097.0,1097.0,0.6164657473564148,0.6161239147186279,0.6161239147186279,369.23238929349645,373.31802683435126,373.31802683435126
549.0,1097.0,549.0,0.7291030287742615,0.7294820547103882,0.7294820547103882,262.8336327786692,263.90971290918696,263.90971290918696
1097.0,548.0,548.0,0.738667368888855,0.7435864806175232,0.7435864806175232,-890.9903199933033,-892.1554405860397,-892.1554405860397
549.0,548.0,1097.0,0.5649823546409607,0.5637526512145996,0.5637526512145996,-1015.7676107065035,-1011.6819731656487,-1011.6819731656487
548.0,1098.0,549.0,0.7550781965255737,0.7571918964385986,0.7571918964385986,-1473.4486022262017,-1474.0164514668695,-1474.0164514668695
549.0,548.0,549.0,0.6894101500511169,0.6902415156364441,0.6902415156364441,1233.9611618138106,1237.6202503433715,1237.6202503433715
1097.0,1097.0,1645.0,0.36278799176216125,0.3646954596042633,0.3646954596042633,-941.7179217169578,-942.7710158055461,-942.7710158055461
548.0,1097.0,1097.0,0.8619481325149536,0.8642622232437134,0.8642622232437134,1130.2323892934965,1134.3180268343513,1134.3180268343513
1097.0,1097.0,1646.0,0.6321394443511963,0.6342906951904297,0.6342906951904297,546.5829362039385,547.9887983574636,547.9887983574636
1097.0,1097.0,1097.0,0.8290536999702454,0.8329384922981262,0.8329384922981262,-1080.4760746689553,-1086.726395902453,-1086.726395902453
1097.0,549.0,548.0,0.738667368888855,0.7435864806175232,0.7435864806175232,-1001.9903199933033,-1003.1554405860397,-1003.1554405860397
1097.0,1097.0,1097.0,0.45939403772354126,0.458760142326355,0.458760142326355,-1102.9519423031252,-1107.1392700460528,-1107.1392700460528
549.0,548.0,549.0,0.5217517614364624,0.5217684507369995,0.5217684507369995,812.9611618138106,816.6202503433715,816.6202503433715
1097.0,1097.0,1097.0,0.9105255603790283,0.9112246632575989,0.9112246632575989,-2464.053778382625,-2464.277614593938,-2464.277614593938
549.0,549.0,549.0,0.541490912437439,0.5381940007209778,0.5381940007209778,-885.4328248155093,-884.3218833179421,-884.3218833179421
549.0,549.0,1097.0,0.7291030287742615,0.7294820547103882,0.7294820547103882,-429.1663672213308,-428.09028709081304,-428.09028709081304
548.0,549.0,1097.0,1.0154619216918945,1.0196962356567383,1.0196962356567383,-2053.790581633165,-2060.322160869073,-2060.322160869073
1097.0,549.0,1097.0,0.38451623916625977,0.38283148407936096,0.38283148407936096,-840.4170637960615,-839.0112016425364,-839.0112016425364
548.0,549.0,548.0,0.42939889430999756,0.4310557544231415,0.4310557544231415,485.3162455998199,487.2569372879425,487.2569372879425
1097.0,1646.0,1098.0,0.33255326747894287,0.3394565284252167,0.3394565284252167,-810.4555488839487,-820.6392793915256,-820.6392793915256
1097.0,549.0,549.0,0.8207719326019287,0.8213984370231628,0.8213984370231628,-1417.5640761284917,-1417.9920980317252,-1417.9920980317252
1097.0,1097.0,1097.0,0.3797672986984253,0.38543203473091125,0.38543203473091125,-1226.6215267743269,-1228.232777955854,-1228.232777955854
1098.0,549.0,549.0,1.1471205949783325,1.1452584266662598,1.1452584266662598,3318.070070331506,3314.373675376346,3314.373675376346
1097.0,1097.0,548.0,0.9824446439743042,0.9808768630027771,0.9808768630027771,1138.090985315106,1134.222101448142,1134.222101448142
548.0,548.0,549.0,0.732107400894165,0.7350208163261414,0.7350208163261414,-1703.6907951649819,-1707.730275871474,-1707.730275871474
549.0,549.0,548.0,0.7499510049819946,0.7510662078857422,0.7510662078857422,-2501.2269427748024,-2504.541971305755,-2504.541971305755
1098.0,548.0,548.0,0.7289292216300964,0.7294820547103882,0.7294820547103882,-600.1386098326057,-599.090287090813,-599.090287090813
549.0,548.0,549.0,0.5552785396575928,0.553879976272583,0.553879976272583,248.07007033150603,244.373675376346,244.373675376346
1097.0,548.0,549.0,0.5217300057411194,0.5217684507369995,0.5217684507369995,198.82280312772446,202.62025034337148,202.62025034337148
548.0,548.0,548.0,0.6893597841262817,0.6902415156364441,0.6902415156364441,1111.8228031277245,1115.6202503433715,1115.6202503433715
15359.0,7131.0,5486.0,0.42709049582481384,0.42492562532424927,0.42492562532424927,-48.28417715385967,-55.32216086907283,-55.32216086907283
4388.0,5486.0,3292.0,0.33255326747894287,0.3394565284252167,0.3394565284252167,-1459.4555488839487,-1469.6392793915256,-1469.6392793915256
1097.0,1097.0,1098.0,0.33255326747894287,0.3394565284252167,0.3394565284252167,-663.4555488839487,-673.6392793915256,-673.6392793915256
548.0,548.0,548.0,0.5130067467689514,0.5118659734725952,0.5118659734725952,1213.7138042875204,1215.6317563741645,1215.6317563741645
1645.0,2194.0,1645.0,0.7656347751617432,0.7590163350105286,0.7590163350105286,1518.062064985609,1513.1795558090228,1513.1795558090228
1097.0,1097.0,549.0,0.70022052526474,0.7012969255447388,0.7012969255447388,1112.8613901673943,1113.909712909187,1113.909712909187
4388.0,3840.0,4937.0,1.0062381029129028,1.0014857053756714,1.0014857053756714,666.1254949240742,663.5982083014856,663.5982083014856
1097.0,1097.0,549.0,0.5960885286331177,0.5947989821434021,0.5947989821434021,-1750.1386098326057,-1749.090287090813,-1749.090287090813
1646.0,2743.0,2742.0,0.42934831976890564,0.4310557544231415,0.4310557544231415,485.2856601949752,487.2569372879425,487.2569372879425
1097.0,1645.0,2743.0,0.3323863446712494,0.3394565284252167,0.3394565284252167,-1151.2375786701468,-1161.6392793915256,-1161.6392793915256
1097.0,549.0,1097.0,0.9530450105667114,0.9516156315803528,0.9516156315803528,1027.6978596484441,1024.882385732274,1024.882385732274
1097.0,1646.0,2195.0,0.8871708512306213,0.8885807394981384,0.8885807394981384,-139.49448527529603,-140.22587713112353,-140.22587713112353
1097.0,2194.0,1646.0,0.6871558427810669,0.6844654679298401,0.6844654679298401,494.5364916572198,493.4802433911891,493.4802433911891
1097.0,1645.0,2194.0,0.3845754861831665,0.38283148407936096,0.38283148407936096,-826.4306314715159,-825.0112016425364,-825.0112016425364
548.0,1098.0,549.0,0.7319433093070984,0.7350208163261414,0.7350208163261414,-1096.493528527611,-1100.730275871474,-1100.730275871474
1098.0,549.0,1097.0,0.469461590051651,0.4704648554325104,0.4704648554325104,-1011.0574128560438,-1014.777898551858,-1014.777898551858
548.0,549.0,1097.0,0.6917462944984436,0.6946271657943726,0.6946271657943726,-2329.1772032208205,-2333.7692565164825,-2333.7692565164825
548.0,549.0,549.0,0.42934831976890564,0.4310557544231415,0.4310557544231415,413.2856601949752,415.2569372879425,415.2569372879425
1098.0,548.0,1097.0,0.7567628026008606,0.7584263682365417,0.7584263682365417,-1131.1562208819914,-1133.4065931789037,-1133.4065931789037
1097.0,1097.0,1097.0,0.3323863446712494,0.3394565284252167,0.3394565284252167,-1172.2375786701468,-1182.6392793915256,-1182.6392793915256
1098.0,1097.0,1097.0,0.7382481098175049,0.7435864806175232,0.7435864806175232,-323.81557698302186,-325.15544058603973,-325.15544058603973
2743.0,1097.0,1098.0,0.0,0.0,0.0,335.8679303307333,335.8679303307333,335.8679303307333
1097.0,1646.0,549.0,0.491472452878952,0.4964619576931,0.4964619576931,-114.42626072650091,-118.9989362332708,-118.9989362332708
1097.0,1097.0,1097.0,0.5217083692550659,0.5217684507369995,0.5217684507369995,-494.31550835258986,-490.3797496566285,-490.3797496566285
549.0,1098.0,549.0,0.7783194780349731,0.778378427028656,0.778378427028656,855.5979508725973,856.5299779508377,856.5299779508377
1646.0,2195.0,2194.0,0.6432582139968872,0.6351929903030396,0.6351929903030396,45.66818258785679,43.76722204414591,43.76722204414591
1646.0,1097.0,1097.0,0.5660820007324219,0.5654101967811584,0.5654101967811584,-682.9613876278286,-685.0057453291502,-685.0057453291502
1098.0,1646.0,1645.0,0.3323863446712494,0.3394565284252167,0.3394565284252167,-1537.2375786701468,-1547.6392793915256,-1547.6392793915256
1098.0,548.0,549.0,0.42924705147743225,0.4310557544231415,0.4310557544231415,485.22450020084943,487.2569372879425,487.2569372879425
1097.0,1097.0,1097.0,0.7549622654914856,0.7571918964385986,0.7571918964385986,-1838.3031748675921,-1839.0164514668695,-1839.0164514668695
1097.0,1097.0,1097.0,0.7650198936462402,0.7590163350105286,0.7590163350105286,1586.609376578117,1582.1795558090228,1582.1795558090228
549.0,1097.0,548.0,0.7092353105545044,0.7092756628990173,0.7092756628990173,-2073.5495049680394,-2074.519756608811,-2074.519756608811
1098.0,1646.0,549.0,0.8013190031051636,0.7969082593917847,0.7969082593917847,-1865.728242667794,-1867.1554405860397,-1867.1554405860397
1098.0,549.0,1097.0,0.5552296042442322,0.553879976272583,0.553879976272583,0.9324829255801887,-2.626324623654,-2.626324623654
1097.0,1646.0,1097.0,0.6164758801460266,0.6161239147186279,0.6161239147186279,-346.797297859649,-342.68197316564874,-342.68197316564874
1097.0,549.0,549.0,0.6893768310546875,0.6902415156364441,0.6902415156364441,1277.6674967540566,1281.6202503433715,1281.6202503433715
1097.0,1097.0,549.0,0.6543936133384705,0.6556957364082336,0.6556957364082336,-1117.9729197439046,-1120.0057453291502,-1120.0057453291502
548.0,549.0,549.0,0.6543936133384705,0.6556957364082336,0.6556957364082336,-1554.9729197439046,-1557.0057453291502,-1557.0057453291502
1097.0,10971.0,2743.0,0.28162214159965515,0.28123149275779724,0.28123149275779724,-251.4798826053525,-251.99209803172516,-251.99209803172516
1646.0,1097.0,2194.0,0.5148687362670898,0.5207350254058838,0.5207350254058838,-1742.1563963541907,-1748.5304284065414,-1748.5304284065414
2194.0,2194.0,2194.0,0.024852408096194267,0.02511819824576378,0.02511819824576378,-415.4051750917952,-416.48825040861993,-416.48825040861993
1097.0,549.0,1097.0,1.048936128616333,1.0495978593826294,1.0495978593826294,-937.3325032459434,-933.3797496566285,-933.3797496566285
2194.0,2194.0,2195.0,0.33221957087516785,0.3394565284252167,0.3394565284252167,-539.0197178373983,-549.6392793915256,-549.6392793915256
1098.0,1097.0,1097.0,0.16207805275917053,0.16280338168144226,0.16280338168144226,35.73798195216523,36.46223690190209,36.46223690190209
1645.0,1098.0,1097.0,0.8636166453361511,0.862736701965332,0.862736701965332,1646.034839131953,1660.3397897821105,1660.3397897821105
549.0,549.0,548.0,0.5216193199157715,0.5217684507369995,0.5217684507369995,485.66749675405663,489.6202503433715,489.6202503433715
1097.0,1097.0,1097.0,1.188249945640564,1.187307357788086,1.187307357788086,3148.703693904351,3144.269724128526,3144.269724128526
1097.0,1097.0,1097.0,0.5552296042442322,0.553879976272583,0.553879976272583,359.9324829255802,356.373675376346,356.373675376346
549.0,1097.0,549.0,0.42919647693634033,0.4310557544231415,0.4310557544231415,485.19392561029326,487.2569372879425,487.2569372879425
2194.0,2742.0,2194.0,0.6426699161529541,0.6351929903030396,0.6351929903030396,180.3982992626602,178.7672220441459,178.7672220441459
1097.0,2194.0,3291.0,0.46937331557273865,0.4704648554325104,0.4704648554325104,-1195.9396291495395,-1199.777898551858,-1199.777898551858
548.0,1097.0,548.0,0.1620432287454605,0.16280338168144226,0.16280338168144226,-37.28533779499867,-36.53776309809791,-36.53776309809791
1097.0,549.0,1097.0,0.16977792978286743,0.1716243177652359,0.1716243177652359,229.00023505650734,226.59820830148556,226.59820830148556
1098.0,1097.0,548.0,0.7867429852485657,0.7865924835205078,0.7865924835205078,1200.9621760414893,1197.373675376346,1197.373675376346
549.0,549.0,549.0,1.0435364246368408,1.043224573135376,1.043224573135376,-3420.2400015464204,-3421.277614593938,-3421.277614593938
1097.0,1097.0,549.0,0.7015175223350525,0.7036183476448059,0.7036183476448059,-1123.0378239585107,-1126.626324623654,-1126.626324623654
1097.0,548.0,1645.0,0.3843629062175751,0.38283148407936096,0.38283148407936096,-759.2684049304371,-758.0112016425364,-758.0112016425364
1645.0,1097.0,8777.0,0.5411967039108276,0.5409635901451111,0.5409635901451111,567.5398491852375,565.8445594139603,565.8445594139603
1097.0,548.0,548.0,1.0435601472854614,1.0441458225250244,1.0441458225250244,2101.1759510810202,2103.5223741341133,2103.5223741341133
1097.0,1097.0,1646.0,0.672461986541748,0.6722177863121033,0.6722177863121033,473.06037085046046,469.222101448142,469.222101448142
1097.0,549.0,549.0,0.7229047417640686,0.7210661768913269,0.7210661768913269,-753.8060743897067,-751.7430627120575,-751.7430627120575
548.0,1097.0,549.0,0.2375696301460266,0.2379867434501648,0.2379867434501648,-1444.9809574437186,-1446.016721846333,-1446.016721846333
549.0,1097.0,548.0,0.42919647693634033,0.4310557544231415,0.4310557544231415,575.1939256102933,577.2569372879425,577.2569372879425
549.0,1097.0,548.0,0.7002129554748535,0.7012969255447388,0.7012969255447388,720.8861537821067,721.909712909187,721.909712909187
1097.0,549.0,548.0,0.42919647693634033,0.4310557544231415,0.4310557544231415,1068.1939256102933,1070.2569372879425,1070.2569372879425
548.0,549.0,1097.0,0.28157517313957214,0.28123149275779724,0.28123149275779724,-162.49762395448442,-162.99209803172516,-162.99209803172516
1097.0,1097.0,1097.0,1.0979986190795898,1.1009348630905151,1.1009348630905151,-1149.1888307863546,-1150.519756608811,-1150.519756608811
1097.0,1097.0,548.0,0.9131643176078796,0.9108434915542603,0.9108434915542603,-2210.354944408536,-2206.3797496566285,-2206.3797496566285
1646.0,548.0,1097.0,0.42909470200538635,0.4310557544231415,0.4310557544231415,485.1634176352527,487.2569372879425,487.2569372879425
1645.0,1645.0,1645.0,0.22838236391544342,0.2291240245103836,0.2291240245103836,-1153.4251994991864,-1156.117614267726,-1156.117614267726
1097.0,548.0,549.0,0.689382791519165,0.6902415156364441,0.6902415156364441,2211.8694935984236,2215.6202503433715,2215.6202503433715
548.0,549.0,1097.0,0.7014638781547546,0.7036183476448059,0.7036183476448059,-1274.0251588785677,-1277.626324623654,-1277.626324623654
1646.0,2743.0,1097.0,0.8646443486213684,0.8642680048942566,0.8642680048942566,732.8711433445433,739.1312420906152,739.1312420906152
1097.0,1645.0,1097.0,0.7825307250022888,0.7813448905944824,0.7813448905944824,799.124689483373,794.8607299539472,794.8607299539472
1097.0,549.0,549.0,0.5370762348175049,0.535996675491333,0.535996675491333,929.385316606169,925.2697241285259,925.2697241285259
1097.0,1097.0,548.0,0.5650843381881714,0.5637526512145996,0.5637526512145996,-1015.7982875674606,-1011.6819731656487,-1011.6819731656487
1097.0,1646.0,549.0,0.16200841963291168,0.16280338168144226,0.16280338168144226,-301.30865253202774,-300.5377630980979,-300.5377630980979
549.0,549.0,548.0,0.5216824412345886,0.5217684507369995,0.5217684507369995,834.8694935984236,838.6202503433715,838.6202503433715
1097.0,549.0,548.0,0.2815282642841339,0.28123149275779724,0.28123149275779724,999.4846376537685,999.0079019682748,999.0079019682748
1097.0,1098.0,1097.0,0.3321640193462372,0.3394565284252167,0.3394565284252167,-629.9471218524868,-640.6392793915256,-640.6392793915256
549.0,548.0,548.0,0.728950560092926,0.7294820547103882,0.7294820547103882,-661.1927590489449,-660.090287090813,-660.090287090813
1097.0,549.0,548.0,0.659659206867218,0.6626524329185486,0.6626524329185486,-19.368821366042084,-17.368243625835476,-17.368243625835476
2194.0,2194.0,2194.0,0.024830861017107964,0.02511819824576378,0.02511819824576378,-601.3171270078196,-602.4882504086199,-602.4882504086199
1097.0,549.0,549.0,0.3321640193462372,0.3394565284252167,0.3394565284252167,-903.9471218524868,-914.6392793915256,-914.6392793915256
1097.0,2195.0,1097.0,0.6541789770126343,0.6556957364082336,0.6556957364082336,-727.7405903934009,-730.0057453291502,-730.0057453291502
1097.0,1097.0,1097.0,0.6724162697792053,0.6722177863121033,0.6722177863121033,-565.8238844347097,-569.777898551858,-569.777898551858
1097.0,549.0,549.0,0.689382791519165,0.6902415156364441,0.6902415156364441,962.8694935984236,966.6202503433715,966.6202503433715
549.0,549.0,1097.0,1.0078579187393188,1.0068647861480713,1.0068647861480713,2530.1634176352527,2532.2569372879425,2532.2569372879425
1097.0,549.0,549.0,0.4290773272514343,0.4310557544231415,0.4310557544231415,485.0302628214249,487.2569372879425,487.2569372879425
549.0,1645.0,1097.0,0.8011849522590637,0.7969082593917847,0.7969082593917847,-2353.5937846334473,-2355.1554405860397,-2355.1554405860397
1097.0,1645.0,1097.0,0.4648544490337372,0.46760499477386475,0.46760499477386475,138.85360476758206,139.67811668205786,139.67811668205786
1097.0,549.0,548.0,0.4674343466758728,0.46615472435951233,0.46615472435951233,-432.63544270611783,-432.8819622062356,-432.8819622062356
1097.0,548.0,549.0,0.6892150640487671,0.6902415156364441,0.6902415156364441,1233.6100438708286,1237.6202503433715,1237.6202503433715
549.0,549.0,549.0,0.5552250146865845,0.553879976272583,0.553879976272583,38.06633269307076,34.373675376346,34.373675376346
549.0,548.0,549.0,0.2814813256263733,0.28123149275779724,0.28123149275779724,-89.53309778133371,-89.99209803172516,-89.99209803172516
1097.0,548.0,548.0,0.9165459871292114,0.9120317697525024,0.9120317697525024,599.2553817587959,592.133061713057,592.133061713057
549.0,548.0,549.0,0.6892150640487671,0.6902415156364441,0.6902415156364441,2227.6100438708286,2231.6202503433715,2231.6202503433715
548.0,1097.0,549.0,0.6816303730010986,0.6815828680992126,0.6815828680992126,-1219.6407537186801,-1221.9149560256524,-1221.9149560256524
1097.0,548.0,548.0,0.6892150640487671,0.6902415156364441,0.6902415156364441,1011.6100438708286,1015.6202503433715,1015.6202503433715
1097.0,549.0,549.0,0.7084503769874573,0.70897376537323,0.70897376537323,-1090.8664325494638,-1094.541971305755,-1094.541971305755
549.0,549.0,549.0,0.6892150640487671,0.6902415156364441,0.6902415156364441,2211.6100438708286,2215.6202503433715,2215.6202503433715
1097.0,548.0,549.0,0.2814813256263733,0.28123149275779724,0.28123149275779724,-87.53309778133371,-87.99209803172516,-87.99209803172516
549.0,548.0,1097.0,0.7001635432243347,0.7012969255447388,0.7012969255447388,651.821117083492,652.909712909187,652.909712909187
548.0,1097.0,549.0,0.9776628613471985,0.9785783886909485,0.9785783886909485,2944.842230165871,2943.9835485331305,2943.9835485331305
1097.0,1097.0,548.0,0.6870682239532471,0.6844654679298401,0.6844654679298401,-75.02924427583912,-76.5197566088109,-76.5197566088109
1097.0,1097.0,548.0,0.8693963289260864,0.8722736239433289,0.8722736239433289,-1786.0611335038811,-1790.1392700460528,-1790.1392700460528
1097.0,549.0,1097.0,0.4909776449203491,0.4964619576931,0.4964619576931,-793.9715258762556,-798.9989362332708,-798.9989362332708
1097.0,549.0,548.0,0.5552250146865845,0.553879976272583,0.553879976272583,439.06633269307076,435.373675376346,435.373675376346
549.0,1098.0,549.0,0.4290267825126648,0.4310557544231415,0.4310557544231415,484.9997122808818,487.2569372879425,487.2569372879425
548.0,1098.0,549.0,0.23617078363895416,0.23679335415363312,0.23679335415363312,-346.98907196949904,-344.4776258658867,-344.4776258658867
1097.0,549.0,1097.0,0.6540716886520386,0.6556957364082336,0.6556957364082336,-937.6244542913637,-940.0057453291502,-940.0057453291502
1645.0,1646.0,1645.0,0.33205294609069824,0.3394565284252167,0.3394565284252167,-1469.8019663033901,-1480.6392793915256,-1480.6392793915256
549.0,1097.0,548.0,0.7944461107254028,0.795490026473999,0.795490026473999,-1371.4049018963806,-1378.3221608690728,-1378.3221608690728
1098.0,1097.0,548.0,0.5091361999511719,0.5086479187011719,0.5086479187011719,64.11236184272002,63.588904427660054,63.588904427660054
1097.0,1097.0,549.0,0.728897750377655,0.7294820547103882,0.7294820547103882,-424.25778247079506,-423.09028709081304,-423.09028709081304
1097.0,2194.0,1645.0,0.19931448996067047,0.2002592235803604,0.2002592235803604,-651.8649001043323,-655.2371046428016,-655.2371046428016
1097.0,1097.0,548.0,0.5219970941543579,0.5217684507369995,0.5217684507369995,185.12539916017477,189.62025034337148,189.62025034337148
548.0,549.0,549.0,0.2813875377178192,0.28123149275779724,0.28123149275779724,-229.56855978455997,-229.99209803172516,-229.99209803172516
548.0,1098.0,549.0,0.5550915002822876,0.553879976272583,0.553879976272583,219.0960007799822,215.373675376346,215.373675376346
548.0,1097.0,549.0,0.7014689445495605,0.7036183476448059,0.7036183476448059,-1061.9039992200178,-1065.626324623654,-1065.626324623654
1098.0,549.0,549.0,0.6887452602386475,0.6902415156364441,0.6902415156364441,898.1253991601748,902.6202503433715,902.6202503433715
1097.0,549.0,549.0,0.7014689445495605,0.7036183476448059,0.7036183476448059,-1278.9039992200178,-1282.626324623654,-1282.626324623654
1097.0,549.0,1097.0,0.19931448996067047,0.2002592235803604,0.2002592235803604,-924.8649001043323,-928.2371046428016,-928.2371046428016
1097.0,549.0,549.0,0.5091361999511719,0.5086479187011719,0.5086479187011719,317.11236184272,316.58890442766005,316.58890442766005
549.0,1098.0,549.0,0.4326912462711334,0.4346140921115875,0.4346140921115875,-598.7961259494878,-601.813019712451,-601.813019712451
1097.0,1646.0,1097.0,0.33205294609069824,0.3394565284252167,0.3394565284252167,-921.8019663033901,-932.6392793915256,-932.6392793915256
1097.0,548.0,548.0,0.7683886289596558,0.7665651440620422,0.7665651440620422,226.27108918769227,222.26972412852592,222.26972412852592
1097.0,1646.0,2195.0,0.38415050506591797,0.38283148407936096,0.38283148407936096,-36.10626805481024,-35.011201642536435,-35.011201642536435
1097.0,1097.0,549.0,0.42897623777389526,0.4310557544231415,0.4310557544231415,484.96916533950844,487.2569372879425,487.2569372879425
1097.0,1097.0,1097.0,0.7940943837165833,0.795490026473999,0.795490026473999,-1601.1808741559153,-1608.3221608690728,-1608.3221608690728
1097.0,1098.0,549.0,0.8619920611381531,0.8642622232437134,0.8642622232437134,752.3209877197642,756.3180268343513,756.3180268343513
549.0,1097.0,548.0,0.34358909726142883,0.3429968059062958,0.3429968059062958,10.417505061836891,9.710154456310192,9.710154456310192
549.0,548.0,548.0,0.7548669576644897,0.7571918964385986,0.7571918964385986,-2353.323564981726,-2354.0164514668695,-2354.0164514668695
549.0,549.0,549.0,0.5219753384590149,0.5217684507369995,0.5217684507369995,-284.01262852366017,-279.3797496566285,-279.3797496566285
549.0,1097.0,1097.0,0.7131031155586243,0.7160704731941223,0.7160704731941223,-1442.1708665489646,-1446.3449370625058,-1446.3449370625058
1097.0,1097.0,1097.0,0.5411364436149597,0.5409635901451111,0.5409635901451111,1218.6742121065881,1216.8445594139603,1216.8445594139603
1097.0,1097.0,1097.0,0.13902631402015686,0.140857994556427,0.140857994556427,-229.64919656535812,-232.80298769925366,-232.80298769925366
549.0,1097.0,549.0,0.8637638092041016,0.8642680048942566,0.8642680048942566,525.781782508715,532.1312420906152,532.1312420906152
1097.0,548.0,1097.0,0.7091373205184937,0.7092756628990173,0.7092756628990173,-2907.1152686967253,-2908.519756608811,-2908.519756608811
1097.0,1097.0,549.0,0.42897623777389526,0.4310557544231415,0.4310557544231415,1052.9691653395084,1055.2569372879425,1055.2569372879425
1097.0,1097.0,549.0,1.0383042097091675,1.0362093448638916,1.0362093448638916,-642.3319622605331,-641.5377630980979,-641.5377630980979
1097.0,549.0,549.0,0.5411364436149597,0.5409635901451111,0.5409635901451111,541.6742121065881,539.8445594139603,539.8445594139603
1097.0,549.0,548.0,0.5551141500473022,0.553879976272583,0.553879976272583,267.29374392090995,263.373675376346,263.373675376346
1097.0,1098.0,549.0,0.7679820656776428,0.7641477584838867,0.7641477584838867,307.4276190570454,304.186980287549,304.186980287549
1097.0,549.0,1097.0,0.6539644598960876,0.6556957364082336,0.6556957364082336,-1564.5083372318895,-1567.0057453291502,-1567.0057453291502
548.0,549.0,549.0,0.281340628862381,0.28123149275779724,0.28123149275779724,-316.5862863541611,-316.99209803172516,-316.99209803172516
1098.0,548.0,549.0,1.1890734434127808,1.1894545555114746,1.1894545555114746,2450.98737147634,2455.6202503433715,2455.6202503433715
1097.0,549.0,548.0,1.253345251083374,1.2529923915863037,1.2529923915863037,2377.413713645839,2377.007901968275,2377.007901968275
549.0,548.0,1097.0,0.428875207901001,0.4310557544231415,0.4310557544231415,484.9080822517253,487.2569372879425,487.2569372879425
549.0,1097.0,1098.0,0.428875207901001,0.4310557544231415,0.4310557544231415,1041.9080822517253,1044.2569372879425,1044.2569372879425
1097.0,548.0,548.0,0.7288109064102173,0.7294820547103882,0.7294820547103882,-507.2439041181042,-506.09028709081304,-506.09028709081304
548.0,549.0,549.0,0.7288109064102173,0.7294820547103882,0.7294820547103882,-213.24390411810418,-212.09028709081304,-212.09028709081304
1097.0,1097.0,549.0,0.8624266386032104,0.862736701965332,0.862736701965332,1316.769258368844,1332.3397897821105,1332.3397897821105
549.0,548.0,548.0,0.7937429547309875,0.795490026473999,0.795490026473999,-1597.956945568204,-1605.3221608690728,-1605.3221608690728
549.0,549.0,548.0,0.786929726600647,0.7865924835205078,0.7865924835205078,1099.3085607229523,1095.373675376346,1095.373675376346
1097.0,549.0,1645.0,0.9527795910835266,0.9516156315803528,0.9516156315803528,-83.23711504225685,-86.11761426772591,-86.11761426772591
549.0,548.0,549.0,0.7559747099876404,0.7460393905639648,0.7460393905639648,-35.65685929496249,-46.63927939152563,-46.63927939152563
549.0,1097.0,5485.0,0.6004736423492432,0.6005485653877258,0.6005485653877258,487.0305990995539,484.5934068210963,484.5934068210963
1097.0,1097.0,549.0,0.3319419026374817,0.3394565284252167,0.3394565284252167,-617.6568592949625,-628.6392793915256,-628.6392793915256
549.0,548.0,549.0,1.049065113067627,1.0495978593826294,1.0495978593826294,-780.3057904424704,-775.3797496566285,-775.3797496566285
1097.0,548.0,548.0,0.7498098611831665,0.7510662078857422,0.7510662078857422,-2196.693800728599,-2200.541971305755,-2200.541971305755
1097.0,549.0,549.0,0.3319419026374817,0.3394565284252167,0.3394565284252167,-1256.6568592949625,-1267.6392793915256,-1267.6392793915256
1097.0,1097.0,1097.0,0.22827087342739105,0.2291240245103836,0.2291240245103836,-565.2371150422568,-568.1176142677259,-568.1176142677259
1097.0,1097.0,1097.0,0.7638726234436035,0.7594062685966492,0.7594062685966492,-259.45435621358683,-260.7710158055461,-260.7710158055461
1097.0,548.0,549.0,0.38553839921951294,0.3854126036167145,0.3854126036167145,-418.52895372622334,-417.47002204916225,-417.47002204916225
548.0,1097.0,549.0,0.6405907869338989,0.6416550874710083,0.6416550874710083,2551.245166432841,2549.480243391189,2549.480243391189
549.0,1097.0,548.0,1.0428040027618408,1.043224573135376,1.043224573135376,-3340.9795299295197,-3343.277614593938,-3343.277614593938
1097.0,548.0,1097.0,0.7013896107673645,0.7036183476448059,0.7036183476448059,-1547.6914392770477,-1551.626324623654,-1551.626324623654
549.0,549.0,549.0,0.4287741780281067,0.4310557544231415,0.4310557544231415,484.8470135529906,487.2569372879425,487.2569372879425
548.0,549.0,549.0,0.7013360857963562,0.7036183476448059,0.7036183476448059,-1061.6788226994631,-1065.626324623654,-1065.626324623654
1097.0,1097.0,549.0,0.8618293404579163,0.8642622232437134,0.8642622232437134,1121.1730317958973,1125.3180268343513,1125.3180268343513
1097.0,1097.0,549.0,0.508952260017395,0.5086479187011719,0.5086479187011719,127.01311391339414,126.58890442766005,126.58890442766005
548.0,1097.0,1097.0,0.33190715312957764,0.3394565284252167,0.3394565284252167,-1640.5457988332728,-1651.6392793915256,-1651.6392793915256
1097.0,549.0,549.0,0.6403888463973999,0.6416550874710083,0.6416550874710083,2551.966379407756,2550.480243391189,2550.480243391189
549.0,549.0,549.0,0.5219476222991943,0.5217684507369995,0.5217684507369995,99.80996089901328,104.62025034337148,104.62025034337148
1097.0,1097.0,548.0,0.8027285933494568,0.8049951195716858,0.8049951195716858,-1407.6449644765744,-1409.9994934508923,-1409.9994934508923
1097.0,549.0,548.0,1.0079714059829712,1.0068647861480713,1.0068647861480713,1332.8470135529906,1335.2569372879425,1335.2569372879425
548.0,548.0,1097.0,0.33587414026260376,0.3349449932575226,0.3349449932575226,-140.6449644765744,-142.99949345089226,-142.99949345089226
1097.0,1097.0,1097.0,0.33190715312957764,0.3394565284252167,0.3394565284252167,-894.5457988332728,-905.6392793915256,-905.6392793915256
1097.0,549.0,548.0,0.7868658304214478,0.7865924835205078,0.7865924835205078,880.3211773005369,876.373675376346,876.373675376346
549.0,1097.0,549.0,0.28133249282836914,0.28123149275779724,0.28123149275779724,1002.2265025207889,1002.0079019682748,1002.0079019682748
1097.0,1097.0,549.0,0.5963443517684937,0.5947989821434021,0.5947989821434021,-1337.2161523725554,-1336.090287090813,-1336.090287090813
548.0,549.0,1097.0,0.822493851184845,0.8235918283462524,0.8235918283462524,-1616.3351321193768,-1618.9149560256524,-1618.9149560256524
549.0,549.0,1097.0,0.6429958939552307,0.641130268573761,0.641130268573761,1322.8218192982886,1321.9835485331305,1321.9835485331305
1097.0,549.0,548.0,0.6914432644844055,0.6907413601875305,0.6907413601875305,-828.1781807017114,-829.0164514668695,-829.0164514668695
1097.0,1097.0,1097.0,0.1991656869649887,0.2002592235803604,0.2002592235803604,-535.5917596551508,-539.2371046428016,-539.2371046428016
1646.0,1646.0,1097.0,0.08110995590686798,0.08010245859622955,0.08010245859622955,-687.203648471653,-684.9179453381901,-684.9179453381901
548.0,548.0,548.0,0.53703373670578,0.535996675491333,0.535996675491333,743.2938434818534,739.2697241285259,739.2697241285259
1097.0,549.0,548.0,0.42875683307647705,0.4310557544231415,0.4310557544231415,484.71395872754874,487.2569372879425,487.2569372879425
1097.0,549.0,548.0,0.5369134545326233,0.535996675491333,0.535996675491333,567.179651893588,563.2697241285259,563.2697241285259
1097.0,1097.0,1097.0,0.22835932672023773,0.2291240245103836,0.2291240245103836,-560.1721531964522,-563.1176142677259,-563.1176142677259
2195.0,1646.0,1646.0,0.024809343740344048,0.02511819824576378,0.02511819824576378,413.77084476124037,412.51174959138007,412.51174959138007
548.0,549.0,549.0,0.7234006524085999,0.7210661768913269,0.7210661768913269,-929.2860412724513,-926.7430627120575,-926.7430627120575
548.0,549.0,548.0,0.31858736276626587,0.3190479874610901,0.3190479874610901,843.6492094850641,845.2685543684811,845.2685543684811
1097.0,548.0,548.0,0.7561532855033875,0.7460393905639648,0.7460393905639648,191.59920473107013,180.36072060847437,180.36072060847437
1097.0,548.0,549.0,0.7091188430786133,0.7092756628990173,0.7092756628990173,-1819.312319738373,-1820.519756608811,-1820.519756608811
1097.0,548.0,1097.0,0.7561532855033875,0.7460393905639648,0.7460393905639648,213.59920473107013,202.36072060847437,202.36072060847437
1097.0,548.0,549.0,0.2812856435775757,0.28123149275779724,0.28123149275779724,793.2087974520127,793.0079019682748,793.0079019682748
549.0,548.0,1097.0,0.5218586921691895,0.5217684507369995,0.5217684507369995,192.79306509064963,197.62025034337148,197.62025034337148
1097.0,549.0,1098.0,1.264311671257019,1.2635748386383057,1.2635748386383057,-1974.1720119289407,-1975.2258771311235,-1975.2258771311235
1097.0,548.0,548.0,0.0,0.0,0.0,361.8679303307333,361.8679303307333,361.8679303307333
549.0,548.0,549.0,0.8863649964332581,0.8885807394981384,0.8885807394981384,-315.1720119289407,-316.2258771311235,-316.2258771311235
1098.0,1097.0,548.0,0.9190904498100281,0.9119631052017212,0.9119631052017212,-714.4945791700738,-697.6602102178895,-697.6602102178895
549.0,549.0,549.0,0.23612500727176666,0.23679335415363312,0.23679335415363312,-343.97747255805916,-341.4776258658867,-341.4776258658867
1097.0,1097.0,1098.0,0.11015331745147705,0.10946278274059296,0.10946278274059296,-941.026117200809,-939.9497284656909,-939.9497284656909
2194.0,1097.0,549.0,0.5786790251731873,0.5821927785873413,0.5821927785873413,1858.1752898907075,1862.533355061752,1862.533355061752
1097.0,1097.0,1097.0,0.33179622888565063,0.3394565284252167,0.3394565284252167,-773.4007952689299,-784.6392793915256,-784.6392793915256
1097.0,549.0,549.0,1.0665091276168823,1.0654728412628174,1.0654728412628174,2972.658368850267,2974.6317563741645,2974.6317563741645
