timeAdapting,timeNonAdapting,timeOffline,timeAdaptingEmpty,quadraticAdapting,quadraticNonAdapting,quadraticOffline,quadraticAdaptingEmpty,correctAdapting,correctNonAdapting,correctOffline,correctAdaptingEmpty
1437020.2,2742.6,2523.4,2304.0,0.08901742100715637,0.08901742100715637,0.04098901152610779,0.4750000089406967,1.0,1.0,1.0,0.8
2632.8,2304.0,2304.0,1975.0,0.14675044268369675,0.14683227986097336,0.09411656111478806,0.5775148198008537,1.0,1.0,1.0,0.6
2742.8,2414.0,2523.6,1865.0,0.8261403813958168,0.8263039439916611,0.830439567565918,1.1793387830257416,0.19999999999999996,0.19999999999999996,0.19999999999999996,0.0
2413.6,2413.8,2084.4,2084.6,0.10579819232225418,0.10579819232225418,0.10666760802268982,0.4266389459371567,1.0,1.0,1.0,1.0
2194.0,1865.0,1865.0,2084.6,0.0,0.0,0.0,0.32124999910593033,1.0,1.0,1.0,1.0
2194.6,1864.8,1755.0,1975.4,0.035186491906642914,0.03526606410741806,0.035555869340896606,0.2865472808480263,1.0,1.0,1.0,1.0
2633.0,2852.4,2523.4,2304.0,0.344612292945385,0.34443067014217377,0.34662406891584396,0.9068965539336205,0.8,0.8,0.8,0.19999999999999996
2304.2,2084.6,1865.4,1974.6,0.13450554013252258,0.13449601083993912,0.09109234809875488,0.5612831376492977,1.0,1.0,1.0,0.6
3620.6,2742.8,2304.0,6253.6,0.3436506390571594,0.34505942463874817,0.2280423939228058,0.7137811481952667,0.8,0.8,0.8,0.4
2962.0,2852.2,2522.8,2304.0,0.3277539759874344,0.32795797288417816,0.3326306417584419,0.711695522069931,0.8,0.8,0.8,0.4
2633.4,2523.6,2085.0,2084.8,0.5953162461519241,0.5963205546140671,0.45060983300209045,0.8596197254955769,0.6,0.6,0.6,0.19999999999999996
2303.8,2084.2,2304.0,2194.6,0.25483112037181854,0.2560420036315918,0.187053382396698,0.5645772404968739,0.8,0.8,0.8,0.6
2742.6,2523.2,2303.6,2084.4,0.6716962456703186,0.6720051318407059,0.6496524587273598,0.8993622437119484,0.19999999999999996,0.19999999999999996,0.4,0.19999999999999996
2413.4,2304.2,2304.2,2084.4,0.48693040013313293,0.4874114692211151,0.36805833876132965,0.8206270262598991,0.6,0.6,0.6,0.19999999999999996
1645.6,1536.0,1536.0,21065.2,0.16826316341757774,0.16816208511590958,0.19795829057693481,0.5369231104850769,0.8,0.8,0.8,0.8
1865.2,1645.8,1645.6,1316.6,0.520132664591074,0.5218961909413338,0.38938361406326294,0.546596959233284,0.6,0.6,0.6,0.6
1645.4,1975.0,1536.2,1316.6,0.48656249046325684,0.4874114692211151,0.36805833876132965,0.8249634876847267,0.6,0.6,0.6,0.19999999999999996
1865.2,1316.8,1536.0,1426.2,0.0930965356528759,0.09315384924411774,0.051958225667476654,0.5676822438836098,1.0,1.0,1.0,0.6
2194.2,2084.6,1975.0,1206.8,0.6379448175430298,0.6402148455381393,0.5708988457918167,0.9821019172668457,0.4,0.4,0.4,0.0
1426.2,1207.0,1206.6,1316.4,0.0,0.0,0.0,0.34004896879196167,1.0,1.0,1.0,1.0
1755.4,1645.8,1206.8,1097.0,0.40812772512435913,0.4088781774044037,0.368387371301651,0.5390949994325638,0.6,0.6,0.6,0.6
1974.8,1645.6,1536.0,1206.8,0.9545475170016289,0.9548365473747253,0.9354030042886734,0.6528980657458305,0.4,0.4,0.4,0.4
1316.4,1097.0,1097.2,1097.2,0.0,0.0,0.0,0.3226153925061226,1.0,1.0,1.0,1.0
1536.4,1316.8,1206.8,1097.0,0.2913888692855835,0.2934565097093582,0.2251826971769333,0.5686575137078762,0.8,0.8,0.8,0.6
1755.2,1535.8,1426.4,1316.4,0.33009710907936096,0.33272315561771393,0.2250181809067726,0.7121900618076324,0.8,0.8,0.8,0.4
1536.0,1426.4,1535.6,1316.4,0.5006685256958008,0.505115419626236,0.3691459149122238,0.6762799918651581,0.6,0.6,0.6,0.4
1755.2,1536.0,1426.4,1316.8,0.6530015468597412,0.6550658345222473,0.5690018907189369,0.8434149920940399,0.4,0.4,0.6,0.19999999999999996
1536.2,1206.8,1316.4,1206.8,0.12235044315457344,0.12428348511457443,0.0765448808670044,0.4864593893289566,1.0,1.0,1.0,0.8
1426.2,1316.6,1206.8,1097.0,0.8174168430268764,0.8183583095669746,0.8025321401655674,1.0289550572633743,0.19999999999999996,0.19999999999999996,0.19999999999999996,0.0
1535.6,1426.4,1316.6,1097.2,0.1921212300658226,0.19481561332941055,0.1476566195487976,0.48902811110019684,1.0,1.0,1.0,0.8
1426.6,1316.4,1097.0,1097.2,0.07688425481319427,0.07668115198612213,0.11118759959936142,0.47661037743091583,1.0,1.0,1.0,0.8
1536.0,1645.6,1536.2,1316.4,0.408116951584816,0.410730317234993,0.33009354025125504,0.673485741019249,0.6,0.6,0.6,0.4
1975.0,1097.0,1097.0,1316.8,0.0870048850774765,0.08901742100715637,0.04098901152610779,0.47324542701244354,1.0,1.0,1.0,0.8
1536.2,1755.4,1207.2,1316.8,0.16560569405555725,0.16702458262443542,0.1460643708705902,0.4311564266681671,0.8,0.8,0.8,0.8
1426.2,1206.6,1207.0,1316.6,0.48437537997961044,0.48738665878772736,0.40966223925352097,0.6760873943567276,0.6,0.6,0.6,0.4
1316.4,1206.8,987.6,1206.6,0.0,0.0,0.0,0.3294778987765312,1.0,1.0,1.0,1.0
1536.0,1207.0,1207.0,1097.0,0.3065526634454727,0.30736592411994934,0.2932382822036743,0.5689619556069374,0.6,0.6,0.6,0.6
1535.8,1645.8,1536.0,1426.6,0.354156956076622,0.3570750132203102,0.3281106501817703,0.5348783433437347,0.8,0.8,0.8,0.6
1426.2,1316.4,1426.4,1207.0,0.8436888158321381,0.8468910902738571,0.7608107551932335,0.6772594898939133,0.4,0.4,0.4,0.4
2194.4,2084.2,1536.2,1316.6,0.2492641881108284,0.25127682089805603,0.2214430421590805,0.5356238484382629,0.8,0.8,0.8,0.6
1865.4,1536.0,1426.2,1097.0,0.4975792095065117,0.505115419626236,0.3237050175666809,0.6781850010156631,0.6,0.6,0.6,0.4
1755.4,1645.6,1645.6,1097.2,0.5180357247591019,0.5197765529155731,0.5410283654928207,0.872646264731884,0.4,0.4,0.4,0.19999999999999996
1426.2,1316.6,1097.2,1207.0,0.35894177854061127,0.362575501203537,0.26968519389629364,0.6801924556493759,0.8,0.8,0.8,0.6
1535.8,1206.8,1207.2,1097.0,0.41036392748355865,0.4160979986190796,0.2827160060405731,0.5371759757399559,0.6,0.6,0.6,0.6
1316.6,1316.6,1316.6,1206.6,0.1724378764629364,0.17803484201431274,0.12741892039775848,0.6089375168085098,1.0,1.0,1.0,0.6
1536.0,1645.6,1536.0,1316.8,0.5397109836339951,0.5463289320468903,0.4015786722302437,0.6353237628936768,0.4,0.4,0.6,0.4
1426.2,1207.0,1207.0,1097.0,0.46288280189037323,0.4662216752767563,0.3744327276945114,0.7301595956087112,0.6,0.6,0.6,0.4
1645.8,1535.8,1536.2,1316.4,0.5048960000276566,0.5085472762584686,0.46303386986255646,0.7567419186234474,0.6,0.6,0.6,0.19999999999999996
1865.0,1316.8,1426.4,1316.2,0.6190475076436996,0.6252747178077698,0.48600076138973236,0.6250631213188171,0.4,0.4,0.4,0.4
1536.0,1316.4,1426.4,1097.2,0.09586868435144424,0.09597031772136688,0.09251515567302704,0.498977392911911,1.0,1.0,1.0,0.8
1426.0,1536.2,1426.4,1207.0,0.6158780232071877,0.6198209971189499,0.6133163124322891,0.8286614865064621,0.4,0.4,0.6,0.0
1755.2,1645.6,1426.2,1206.8,0.18092210590839386,0.18349727988243103,0.16005779802799225,0.5373146161437035,0.8,0.8,0.8,0.6
1755.4,1426.4,1316.6,1426.0,0.3267553448677063,0.33272315561771393,0.2250181809067726,0.7080023437738419,0.8,0.8,0.8,0.4
1865.0,1645.8,1536.4,1316.8,0.5420975908637047,0.5513438507914543,0.43100757896900177,0.788227915763855,0.8,0.8,0.6,0.19999999999999996
1755.0,29403.0,1645.6,1316.6,0.5681255757808685,0.5770313888788223,0.39605947583913803,0.7425988912582397,0.6,0.6,0.6,0.19999999999999996
4827.0,1316.4,1316.8,1097.0,0.08567510545253754,0.08901742100715637,0.04098901152610779,0.5059128552675247,1.0,1.0,1.0,0.8
1645.6,1646.0,1535.8,1207.0,0.3103010840713978,0.3137282133102417,0.2789204642176628,0.6181659996509552,0.6,0.6,0.8,0.4
1207.0,768.2,768.2,877.6,0.06963203847408295,0.07053212821483612,0.07111173868179321,0.38070403039455414,1.0,1.0,1.0,1.0
877.8,768.2,768.4,767.8,0.0,0.0,0.0,0.37949804216623306,1.0,1.0,1.0,1.0
1207.0,987.4,1097.2,767.8,0.5123631358146667,0.5144037753343582,0.5027081295847893,0.8029976934194565,0.4,0.4,0.6,0.19999999999999996
877.6,768.0,987.4,1097.2,0.09236793592572212,0.09315384924411774,0.051958225667476654,0.5818109512329102,1.0,1.0,1.0,0.6
1206.8,1097.2,877.8,768.0,0.10168379917740822,0.10549011826515198,0.05498243868350983,0.581595703959465,1.0,1.0,1.0,0.6
987.4,987.4,877.6,877.4,0.1812548041343689,0.18498773872852325,0.13350416719913483,0.6271045431494713,1.0,1.0,1.0,0.6
987.4,987.4,877.8,768.2,0.08521303534507751,0.08901742100715637,0.04098901152610779,0.4972969591617584,1.0,1.0,1.0,0.8
1316.6,987.2,768.0,767.8,0.3645673654973507,0.3713247627019882,0.30192794650793076,0.7940962761640549,0.6,0.6,0.8,0.19999999999999996
1207.0,1097.4,987.4,877.6,0.2761442121118307,0.2794675976037979,0.2525729537010193,0.6622222810983658,0.8,0.8,0.8,0.4
1316.8,1207.0,1097.2,658.4,0.6328251212835312,0.6289968192577362,0.7310487255454063,0.9568651616573334,0.4,0.4,0.4,0.19999999999999996
987.8,987.4,1097.4,877.8,0.7373051140457392,0.7417932897806168,0.6457257345318794,0.8255839943885803,0.4,0.4,0.4,0.0
1096.8,877.6,877.8,877.6,0.13295355066657066,0.13449601083993912,0.09109234809875488,0.5822640880942345,1.0,1.0,1.0,0.6
987.2,877.6,877.4,987.4,0.7068042755126953,0.714191272854805,0.5727798789739609,0.5367245003581047,0.4,0.4,0.4,0.6
1097.2,877.8,878.0,767.8,0.4825265184044838,0.4927791506052017,0.32068080455064774,0.6603260338306427,0.6,0.6,0.6,0.4
1316.8,1097.2,1097.2,877.6,0.16938365995883942,0.17803484201431274,0.08197802305221558,0.6270713359117508,1.0,1.0,1.0,0.6
1206.8,987.2,877.8,768.0,0.1638958752155304,0.16702458262443542,0.1460643708705902,0.45426343381404877,0.8,0.8,0.8,0.8
1206.6,987.6,877.8,768.0,0.3761299252510071,0.3815077543258667,0.34030570834875107,0.6190977245569229,0.6,0.6,0.8,0.4
1096.8,877.4,5705.0,877.4,0.16008290648460388,0.1656985729932785,0.0789538100361824,0.6235509067773819,1.0,1.0,1.0,0.6
1206.8,877.8,878.2,987.6,0.3759596347808838,0.3815077543258667,0.34030570834875107,0.6213642507791519,0.6,0.6,0.8,0.4
1097.0,987.4,877.8,768.0,0.0,0.0,0.0,0.3727986291050911,1.0,1.0,1.0,1.0
1097.2,1097.2,6143.8,768.0,0.3407604619860649,0.3398081064224243,0.3192298859357834,0.7696983814239502,0.6,0.6,0.8,0.4
1097.2,877.4,877.8,658.2,0.09583797305822372,0.09597031772136688,0.09251515567302704,0.49792952835559845,1.0,1.0,1.0,0.8
2852.6,768.0,1206.6,2523.2,0.6384145319461823,0.6405865997076035,0.609438568353653,0.6416274756193161,0.4,0.4,0.4,0.6
987.2,768.0,658.2,658.6,0.4060999006032944,0.4160979986190796,0.2827160060405731,0.5343495309352875,0.6,0.6,0.6,0.6
767.8,877.8,877.4,658.4,0.6422251015901566,0.6445091068744659,0.5834950879216194,0.6394264847040176,0.4,0.4,0.6,0.6
768.0,658.4,658.2,439.0,0.3718133568763733,0.3782017454504967,0.2751215174794197,0.7915730103850365,0.8,0.8,0.8,0.19999999999999996
877.6,768.2,768.2,658.2,0.3421511948108673,0.3472471386194229,0.31395819783210754,0.6617384999990463,0.8,0.8,0.8,0.4
877.8,548.8,549.0,548.6,0.4504356235265732,0.45818890631198883,0.4514933079481125,0.7414785102009773,0.6,0.6,0.8,0.19999999999999996
768.0,768.0,877.6,438.8,0.5729620307683945,0.5802210941910744,0.5790798217058182,0.7392560839653015,0.6,0.6,0.6,0.19999999999999996
658.2,768.2,438.8,548.4,0.7446592748165131,0.746213287115097,0.7149834781885147,0.7967387363314629,0.19999999999999996,0.19999999999999996,0.19999999999999996,0.19999999999999996
658.4,768.0,548.8,439.0,0.4014620929956436,0.410730317234993,0.33009354025125504,0.6598877608776093,0.6,0.6,0.6,0.4
658.2,658.2,548.8,548.4,0.3291393928229809,0.3368595838546753,0.23598739504814148,0.7852983772754669,0.8,0.8,0.8,0.19999999999999996
768.2,877.6,767.8,548.6,0.39080648124217987,0.3992547020316124,0.3318503051996231,0.5834342762827873,0.8,0.8,0.8,0.6
548.6,548.4,439.0,438.8,0.08408769965171814,0.08901742100715637,0.04098901152610779,0.5049133896827698,1.0,1.0,1.0,0.8
987.0,987.6,877.6,548.6,0.8413610607385635,0.8489481955766678,0.7676887735724449,0.7202496975660324,0.19999999999999996,0.19999999999999996,0.4,0.4
877.6,548.8,10751.8,548.6,0.5412693545222282,0.5384264811873436,0.5685603022575378,0.6419014483690262,0.6,0.6,0.6,0.6
768.2,658.4,658.6,438.8,0.3699665069580078,0.36892514675855637,0.3879326954483986,0.6412330865859985,0.6,0.6,0.8,0.6
548.6,658.4,658.2,439.2,0.8270577639341354,0.8352307081222534,0.7559724897146225,0.9286782145500183,0.19999999999999996,0.19999999999999996,0.19999999999999996,0.0
658.0,768.4,658.2,438.8,0.29746808111667633,0.3004094064235687,0.27670884132385254,0.5831173583865166,0.8,0.8,0.8,0.6
987.6,658.2,548.6,548.6,0.5461163744330406,0.5552390962839127,0.44452179968357086,0.8436179310083389,0.6,0.6,0.6,0.19999999999999996
877.6,1207.0,987.6,548.6,0.5903200656175613,0.6013637036085129,0.5437672212719917,0.8099556714296341,0.4,0.4,0.6,0.0
767.8,767.6,548.4,548.6,0.36789678782224655,0.3777087479829788,0.3005613684654236,0.658832386136055,0.8,0.8,0.8,0.4
877.8,658.2,548.2,438.8,0.5711246207356453,0.5893676578998566,0.3990836888551712,0.7330882549285889,0.6,0.6,0.6,0.19999999999999996
658.0,768.2,767.8,548.8,0.5673821866512299,0.583122581243515,0.42878037691116333,0.6087197959423065,0.4,0.4,0.4,0.4
768.0,658.2,767.8,438.6,0.6455440670251846,0.6550658345222473,0.5690018907189369,0.8014204055070877,0.4,0.4,0.6,0.19999999999999996
877.6,767.8,548.4,438.8,0.7408291473984718,0.7510361522436142,0.661517046391964,0.9257329702377319,0.4,0.4,0.6,0.0
877.4,767.8,548.4,329.0,0.30276263877749443,0.3124022036790848,0.2850327044725418,0.7812556475400925,0.8,0.8,1.0,0.19999999999999996
658.2,768.0,878.0,548.6,0.5576841980218887,0.5716637074947357,0.5166598111391068,0.8526822179555893,0.6,0.6,0.6,0.0
768.0,877.6,658.2,548.6,0.5414417330175638,0.5511923432350159,0.44884977489709854,0.8382331356406212,0.6,0.6,0.6,0.19999999999999996
658.6,658.2,548.8,438.8,0.2799733877182007,0.29130806773900986,0.2226092517375946,0.586799219250679,0.8,0.8,0.8,0.6
768.0,768.2,767.8,548.4,0.24523530900478363,0.2560420036315918,0.187053382396698,0.5864943340420723,0.8,0.8,0.8,0.6
658.8,548.4,438.6,548.4,0.11740797758102417,0.12428348511457443,0.0765448808670044,0.514827162027359,1.0,1.0,1.0,0.8
658.2,877.6,658.0,548.4,0.40441662073135376,0.40755075216293335,0.4559376388788223,0.8871550410985947,0.6,0.6,0.8,0.19999999999999996
548.6,548.8,658.2,548.4,0.12322524935007095,0.12203218787908554,0.1275865137577057,0.39937611669301987,1.0,1.0,0.8,1.0
877.4,548.8,548.4,438.8,0.16553273797035217,0.17803484201431274,0.12741892039775848,0.635552167892456,1.0,1.0,1.0,0.6
877.6,877.8,987.8,548.8,0.5216249227523804,0.534870058298111,0.4894581064581871,0.8521290421485901,0.6,0.6,0.8,0.0
768.0,768.0,439.0,548.8,0.2848718538880348,0.2959295064210892,0.27103927731513977,0.7064814269542694,0.8,0.8,1.0,0.4
658.4,768.0,658.6,329.0,0.2452201172709465,0.2484433650970459,0.27634304016828537,0.586647167801857,0.8,0.8,0.8,0.6
877.8,768.0,548.6,439.2,0.34770382568240166,0.35614874958992004,0.2905377522110939,0.7761557325720787,0.8,0.8,0.8,0.19999999999999996
658.2,768.0,768.2,548.2,0.6835771799087524,0.6925576776266098,0.6926320791244507,0.795431524515152,0.4,0.4,0.6,0.0
768.2,877.8,768.2,548.2,0.6386269852519035,0.6525839120149612,0.5524165406823158,0.7234713658690453,0.4,0.4,0.4,0.19999999999999996
768.2,877.8,548.6,548.8,0.8414696902036667,0.8555515259504318,0.8238177746534348,0.788891151547432,0.19999999999999996,0.19999999999999996,0.4,0.0
658.4,767.8,768.2,548.4,0.3176245912909508,0.33272315561771393,0.2250181809067726,0.704126313328743,0.8,0.8,0.8,0.4
658.4,658.2,658.0,548.6,0.2602967545390129,0.2740051597356796,0.17449317872524261,0.7524717450141907,1.0,1.0,1.0,0.4
987.6,658.4,768.2,548.8,0.2937693353742361,0.2931195944547653,0.2935047745704651,0.5887305811047554,0.8,0.8,0.8,0.6
548.8,439.0,329.2,548.6,0.0,0.0,0.0,0.4089265316724777,1.0,1.0,1.0,1.0
548.6,548.6,438.8,548.6,0.015878312289714813,0.016472697257995605,0.013993427157402039,0.472225621342659,1.0,1.0,1.0,0.8
877.8,658.4,768.0,548.6,0.5335940569639206,0.5573391914367676,0.33749232441186905,0.7711654752492905,0.6,0.6,0.8,0.19999999999999996
877.8,768.0,549.0,438.8,0.8835568279027939,0.9038314670324326,0.770040825009346,0.7034548670053482,0.4,0.4,0.4,0.4
657.8,767.8,767.8,548.6,0.6278906390070915,0.6444003880023956,0.5959755778312683,0.8382467031478882,0.6,0.6,0.6,0.0
658.4,768.2,768.0,549.0,0.1852923482656479,0.19481561332941055,0.1476566195487976,0.5213071554899216,1.0,1.0,1.0,0.8
768.2,658.2,767.8,548.8,0.17721140012145042,0.18349727988243103,0.16005779802799225,0.541376382112503,0.8,0.8,0.8,0.6
767.8,658.4,658.0,439.2,0.7423980012536049,0.758574366569519,0.6613109409809113,0.6560607254505157,0.4,0.4,0.4,0.4
658.4,658.0,548.6,548.8,0.17078233510255814,0.1821712702512741,0.09294723719358444,0.7031320631504059,1.0,1.0,1.0,0.4
548.4,658.4,438.6,548.8,0.20073039829730988,0.2069120854139328,0.23005026578903198,0.5864569395780563,0.8,0.8,1.0,0.6
767.8,768.0,548.6,438.8,0.9947085976600647,0.9937164634466171,0.990536093711853,0.8366917818784714,0.19999999999999996,0.19999999999999996,0.19999999999999996,0.19999999999999996
768.0,658.6,877.6,548.8,0.24266772717237473,0.2560420036315918,0.2324942797422409,0.586887814104557,0.8,0.8,0.8,0.6
548.4,768.0,658.0,329.2,0.4755115881562233,0.4810231998562813,0.4559360332787037,0.7308408170938492,0.6,0.6,0.6,0.4
658.2,658.2,439.0,548.4,0.12052258104085922,0.11162124574184418,0.18489836156368256,0.5796006917953491,0.8,0.8,0.8,0.8
877.8,768.0,768.0,439.0,0.5605886429548264,0.5764013379812241,0.6089736819267273,0.8485819399356842,0.6,0.6,0.6,0.0
768.0,877.6,658.0,438.6,0.46609652787446976,0.4774780720472336,0.4328208640217781,0.7290854752063751,0.6,0.6,0.8,0.19999999999999996
329.2,438.6,439.0,548.6,0.2415255606174469,0.24907341599464417,0.1366516351699829,0.46959900856018066,0.8,0.8,0.8,0.8
768.0,878.0,877.8,548.6,0.5168335735797882,0.534870058298111,0.4894581064581871,0.8456373959779739,0.6,0.6,0.8,0.0
658.4,658.4,657.8,548.8,0.2216832935810089,0.2219134420156479,0.203391432762146,0.6969650983810425,0.8,0.8,0.8,0.6
658.2,767.8,658.6,438.6,0.6766133308410645,0.7041868269443512,0.5552762374281883,0.8442907482385635,0.4,0.4,0.4,0.0
658.2,768.0,548.2,548.6,0.5666187107563019,0.5802210941910744,0.5790798217058182,0.7250045984983444,0.6,0.6,0.6,0.19999999999999996
548.8,658.2,548.8,548.4,0.0,0.0,0.0,0.40331292897462845,1.0,1.0,1.0,1.0
2413.6,658.2,143724.2,4278.6,0.0,0.0,0.0,0.4001041501760483,1.0,1.0,1.0,1.0
987.4,1207.0,1206.6,439.0,0.446468404494226,0.4551772316917777,0.46965317660942674,0.7269963473081589,0.6,0.6,0.8,0.19999999999999996
767.8,768.0,767.8,548.6,0.16837242245674133,0.172651469707489,0.20370275527238846,0.6336940973997116,1.0,1.0,1.0,0.6
768.0,658.2,768.0,548.8,0.5321574434638023,0.5324568748474121,0.4867054373025894,0.7197864055633545,0.4,0.4,0.4,0.4
658.2,767.8,768.2,548.4,0.08886092156171799,0.09315384924411774,0.051958225667476654,0.5860621482133865,1.0,1.0,1.0,0.6
877.8,987.2,987.6,548.6,0.640573725104332,0.6550658345222473,0.5690018907189369,0.800128236413002,0.4,0.4,0.6,0.19999999999999996
658.8,439.0,438.6,439.2,0.40102261304855347,0.4160979986190796,0.2827160060405731,0.5396935492753983,0.6,0.6,0.6,0.6
658.2,768.2,877.6,548.8,0.6104580163955688,0.6251937747001648,0.6225364878773689,0.8464445024728775,0.4,0.4,0.4,0.0
658.0,548.6,438.8,329.0,0.0,0.0,0.0,0.3995221108198166,1.0,1.0,1.0,1.0
548.4,548.6,439.0,548.6,0.19473441690206528,0.20229064673185349,0.18162024021148682,0.4682861715555191,0.8,0.8,0.8,0.8
658.4,548.6,658.4,548.6,0.11109797842800617,0.11244301497936249,0.10650858283042908,0.5864530578255653,1.0,1.0,1.0,0.6
767.8,658.4,768.0,548.2,0.33512020111083984,0.34504373371601105,0.22916679084300995,0.5866998732089996,0.8,0.8,0.8,0.6
2962.6,1975.0,1755.4,768.0,0.6040855348110199,0.6108514666557312,0.5819472968578339,1.065108597278595,0.4,0.4,0.4,0.0
768.0,878.0,768.0,548.6,0.6523088030517101,0.669335126876831,0.49820391088724136,0.7937026619911194,0.4,0.4,0.6,0.19999999999999996
1097.2,1206.8,987.2,439.0,0.6886284723877907,0.7195985913276672,0.5179463550448418,0.7896389812231064,0.4,0.4,0.6,0.0
878.0,987.2,877.6,438.6,0.4167972058057785,0.42462699115276337,0.4004025310277939,0.6549862176179886,0.6,0.6,0.6,0.4
658.6,877.8,767.8,548.6,0.6208499372005463,0.6510058790445328,0.42841026186943054,0.8227772042155266,0.6,0.6,0.6,0.19999999999999996
768.0,658.4,658.6,548.6,0.44205930829048157,0.45818890631198883,0.4514933079481125,0.7208323255181313,0.6,0.6,0.8,0.19999999999999996
877.6,658.4,658.4,548.4,0.23324377834796906,0.24370573461055756,0.18402916938066483,0.5892993658781052,0.8,0.8,0.8,0.6
768.0,658.2,548.4,548.4,0.49587827548384666,0.5191455185413361,0.36334292590618134,0.7162960469722748,0.6,0.6,0.6,0.4
548.6,658.4,548.6,548.4,0.9771934971213341,1.0076477825641632,0.7979625761508942,0.721813403069973,0.19999999999999996,0.19999999999999996,0.19999999999999996,0.19999999999999996
548.6,877.8,548.8,11958.8,0.13016246259212494,0.13449601083993912,0.09109234809875488,0.588898129761219,1.0,1.0,1.0,0.6
877.6,768.0,548.8,548.6,0.3294253461062908,0.34919585287570953,0.23901160806417465,0.7718553096055984,0.8,0.8,0.8,0.19999999999999996
768.0,987.4,877.6,438.8,0.10319361090660095,0.10579819232225418,0.10666760802268982,0.4080713540315628,1.0,1.0,1.0,1.0
768.2,658.0,658.4,548.6,0.3084077425301075,0.31241752952337265,0.3014838546514511,0.47145578265190125,0.8,0.8,0.8,0.8
877.4,548.6,658.4,548.2,0.44019175320863724,0.46048109233379364,0.3712470680475235,0.6560154557228088,0.6,0.6,0.6,0.4
877.4,548.8,658.2,438.8,0.15372619777917862,0.1656985729932785,0.0789538100361824,0.6382446140050888,1.0,1.0,1.0,0.6
987.4,877.6,877.8,548.6,0.8325123488903046,0.8687688112258911,0.7269850894808769,0.9031087309122086,0.19999999999999996,0.19999999999999996,0.19999999999999996,0.0
767.6,658.4,658.0,329.0,0.3011522814631462,0.3142378628253937,0.25514090806245804,0.5884752944111824,0.8,0.8,0.8,0.6
658.6,768.2,548.8,548.6,0.2041812390089035,0.2110496088862419,0.16857552528381348,0.5228793621063232,1.0,1.0,0.8,0.8
548.4,658.8,548.4,548.6,0.24446478113532066,0.2386942133307457,0.269070029258728,0.5813931226730347,0.8,0.8,0.8,0.8
658.0,439.2,548.4,548.8,0.3995937407016754,0.4088781774044037,0.368387371301651,0.5386416763067245,0.6,0.6,0.6,0.6
768.4,877.4,768.0,548.6,0.3973890542984009,0.400345616042614,0.3548260033130646,0.9445055052638054,0.8,0.8,0.8,0.19999999999999996
548.2,548.4,438.6,439.2,0.07332146167755127,0.07668115198612213,0.037964798510074615,0.52071413397789,1.0,1.0,1.0,0.8
877.8,768.0,877.6,438.8,0.772972583770752,0.7856084555387497,0.677894189953804,0.9632494151592255,0.19999999999999996,0.19999999999999996,0.19999999999999996,0.0
877.8,987.2,987.4,439.2,0.47490401938557625,0.4934549704194069,0.4870491772890091,0.7236538380384445,0.6,0.6,0.8,0.19999999999999996
548.4,548.4,438.8,438.6,0.15992143750190735,0.17803484201431274,0.08197802305221558,0.6396540924906731,1.0,1.0,1.0,0.6
768.4,548.6,548.6,548.4,0.9585586041212082,0.9763499051332474,0.9186960756778717,0.7941691651940346,0.19999999999999996,0.19999999999999996,0.19999999999999996,0.19999999999999996
5814.8,658.2,658.4,329.2,0.1685048369690776,0.1821712702512741,0.09294723719358444,0.7057492285966873,1.0,1.0,1.0,0.4
549.0,658.6,548.6,548.6,0.4575018584728241,0.4651178568601608,0.43612824380397797,0.47377003729343414,0.6,0.6,0.6,0.8
877.6,548.8,658.2,548.8,0.581849530339241,0.6013637036085129,0.5437672212719917,0.7885484099388123,0.4,0.4,0.6,0.0
658.6,658.2,548.6,548.4,0.4111849721521139,0.4325706958770752,0.29670943319797516,0.6048755049705505,0.6,0.6,0.6,0.4
768.0,548.6,439.0,548.2,0.15261586755514145,0.1656985729932785,0.0789538100361824,0.6400948613882065,1.0,1.0,1.0,0.6
767.8,438.8,548.6,438.6,0.1588171124458313,0.17803484201431274,0.08197802305221558,0.6397829353809357,1.0,1.0,1.0,0.6
877.8,987.2,768.4,329.0,0.43975844979286194,0.45818890631198883,0.4514933079481125,0.7226960435509682,0.6,0.6,0.8,0.19999999999999996
877.8,658.2,548.4,438.8,0.2939030798152089,0.3124022036790848,0.2850327044725418,0.7711505442857742,0.8,0.8,1.0,0.19999999999999996
658.4,658.2,768.0,548.6,0.30451248586177826,0.3203868865966797,0.29521676898002625,0.7048820406198502,0.8,0.8,0.8,0.4
768.2,768.0,658.2,548.6,0.3402267824858427,0.3536157160997391,0.3629063591361046,0.7201568335294724,0.6,0.6,1.0,0.19999999999999996
658.4,548.4,548.4,329.0,0.10330913960933685,0.10962654650211334,0.06595165282487869,0.654672384262085,1.0,1.0,1.0,0.4
548.2,548.4,548.6,548.6,0.0663747563958168,0.06605221331119537,0.06990188360214233,0.5254912972450256,1.0,1.0,1.0,0.8
768.2,658.2,658.6,438.8,0.5482626780867577,0.5887651592493057,0.4120715633034706,0.8856117874383926,0.6,0.6,0.6,0.0
877.8,768.0,877.8,548.4,0.653486542403698,0.6497655361890793,0.6655579283833504,0.9014557898044586,0.19999999999999996,0.19999999999999996,0.4,0.19999999999999996
768.0,768.2,658.4,658.4,0.4255441315472126,0.4522414579987526,0.4091755226254463,0.7698626443743706,0.8,0.8,0.8,0.19999999999999996
658.2,548.8,658.2,548.6,0.35827768594026566,0.3577354624867439,0.39069440215826035,0.7156447172164917,0.6,0.6,0.6,0.4
768.0,548.6,658.4,548.6,0.6737320721149445,0.6854622885584831,0.6401297189295292,0.7919286116957664,0.4,0.4,0.4,0.19999999999999996
877.6,768.0,767.8,438.8,0.8393848091363907,0.8601362109184265,0.8098833858966827,0.8331413120031357,0.4,0.4,0.4,0.0
877.6,768.0,877.6,439.2,0.5086159347556531,0.5215497752651572,0.49981976533308625,0.8274960294365883,0.4,0.4,0.6,0.19999999999999996
768.2,768.2,768.2,439.2,0.23731186985969543,0.2560420036315918,0.187053382396698,0.5909571796655655,0.8,0.8,0.8,0.6
438.8,328.8,438.8,438.8,0.0,0.0,0.0,0.4145406559109688,1.0,1.0,1.0,1.0
548.8,439.0,329.2,548.8,0.0,0.0,0.0,0.4104754328727722,1.0,1.0,1.0,1.0
438.6,438.8,439.0,329.2,0.19890916347503662,0.20443908870220184,0.1841936856508255,0.4743312895298004,0.8,0.8,0.8,0.8
658.0,658.4,768.0,548.4,0.6397676467895508,0.6587644219398499,0.5765695199370384,0.7717637494206429,0.4,0.4,0.4,0.19999999999999996
987.6,658.4,768.0,658.4,0.5231250375509262,0.5450855940580368,0.46319425851106644,0.7212153002619743,0.4,0.4,0.4,0.19999999999999996
548.8,548.4,549.0,548.0,0.15735173225402832,0.17803484201431274,0.08197802305221558,0.6388746649026871,1.0,1.0,1.0,0.6
548.4,438.8,219.4,438.8,0.0,0.0,0.0,0.40876220911741257,1.0,1.0,1.0,1.0
768.0,658.6,658.2,329.0,0.25350338220596313,0.2629949003458023,0.23857952654361725,0.5891290456056595,0.8,0.8,0.8,0.6
768.0,768.0,877.6,439.0,0.5182069465517998,0.5424411445856094,0.5268719792366028,0.7901578992605209,0.6,0.6,0.8,0.0
548.6,438.8,548.8,439.0,0.07847331464290619,0.08901742100715637,0.0864299088716507,0.5236707627773285,1.0,1.0,1.0,0.8
877.8,768.0,438.8,548.6,0.08745397627353668,0.09315384924411774,0.051958225667476654,0.5886539965867996,1.0,1.0,1.0,0.6
768.2,658.2,877.6,548.6,0.1825626390054822,0.18912416696548462,0.1444733813405037,0.7050307393074036,1.0,1.0,1.0,0.4
548.8,768.2,768.0,439.0,0.5658556763082743,0.570204347372055,0.5073029845952988,0.783245675265789,0.4,0.4,0.4,0.19999999999999996
768.2,548.4,658.4,548.6,0.5139860957860947,0.5163247138261795,0.4321547746658325,0.715506374835968,0.4,0.4,0.4,0.4
658.2,658.4,548.6,438.6,0.09524544328451157,0.09597031772136688,0.09251515567302704,0.5215872228145599,1.0,1.0,1.0,0.8
1536.0,877.6,438.8,438.8,0.21290043462067842,0.2233847826719284,0.24404369294643402,0.6559890806674957,0.8,0.8,1.0,0.4
658.4,768.0,548.8,548.8,0.2863406762480736,0.30152059346437454,0.2371567189693451,0.655639186501503,0.8,0.8,0.8,0.4
768.0,768.0,877.6,549.0,0.5536765977740288,0.5893676578998566,0.3990836888551712,0.721197284758091,0.6,0.6,0.6,0.19999999999999996
767.8,877.8,768.0,438.6,0.25076850899495184,0.25716675724834204,0.2161824651993811,0.6549765765666962,0.8,0.8,0.8,0.4
658.2,658.4,658.2,439.0,0.6738434135913849,0.7023346871137619,0.5935700684785843,0.7197488024830818,0.4,0.4,0.4,0.19999999999999996
658.0,658.0,767.8,548.4,0.7912938445806503,0.8220904171466827,0.7150662615895271,0.8524648547172546,0.19999999999999996,0.19999999999999996,0.4,0.0
548.6,439.2,658.0,549.0,0.15755680203437805,0.16702458262443542,0.1460643708705902,0.4787294268608093,0.8,0.8,0.8,0.8
768.0,987.4,768.0,658.2,0.6186903864145279,0.6643297225236893,0.5427914038300514,0.8267160430550575,0.4,0.4,0.4,0.19999999999999996
438.4,548.6,548.6,548.4,0.2109917551279068,0.22462113201618195,0.16907185316085815,0.6428894475102425,0.8,0.8,0.8,0.6
768.0,877.6,548.6,658.4,0.5511491000652313,0.583122581243515,0.42878037691116333,0.6037833988666534,0.4,0.4,0.4,0.4
768.4,548.6,658.6,548.8,0.16455635149031878,0.1821712702512741,0.21161093562841415,0.7039361596107483,1.0,1.0,1.0,0.4
548.8,658.0,548.6,439.0,0.22837935388088226,0.24370573461055756,0.18402916938066483,0.5915213525295258,0.8,0.8,0.8,0.6
548.4,438.6,658.2,548.6,0.08629664778709412,0.09315384924411774,0.051958225667476654,0.5910822674632072,1.0,1.0,1.0,0.6
549.0,548.4,548.6,548.2,0.38755014166235924,0.40285859256982803,0.2822943404316902,0.6540780067443848,0.8,0.8,0.8,0.4
658.4,768.0,878.0,548.6,0.11201736703515053,0.12428348511457443,0.0765448808670044,0.5279041677713394,1.0,1.0,1.0,0.8
768.0,658.0,658.2,438.6,0.4079674333333969,0.44102974236011505,0.3205575495958328,0.816887840628624,0.8,0.8,0.8,0.19999999999999996
1097.0,877.4,767.8,548.8,0.27991141099482775,0.2939169108867645,0.31515543162822723,0.6544627994298935,0.8,0.8,1.0,0.4
658.0,548.6,548.6,438.8,0.15537744760513306,0.17803484201431274,0.08197802305221558,0.6398567035794258,1.0,1.0,1.0,0.6
658.2,767.6,658.2,548.8,0.9343748837709427,0.9644811898469925,0.8023911416530609,0.8306073099374771,0.0,0.0,0.0,0.0
658.0,548.6,658.2,548.6,0.172635018825531,0.18498773872852325,0.13350416719913483,0.6391379311680794,1.0,1.0,1.0,0.6
658.2,548.4,439.0,438.6,0.06803475320339203,0.07053212821483612,0.07111173868179321,0.4163394123315811,1.0,1.0,1.0,1.0
768.0,767.8,767.8,658.4,0.39257484674453735,0.4160979986190796,0.2827160060405731,0.542508915066719,0.6,0.6,0.6,0.6
658.2,658.2,548.8,438.6,0.07742413878440857,0.08901742100715637,0.04098901152610779,0.5261935889720917,1.0,1.0,1.0,0.8
658.4,768.0,768.2,329.2,0.4633488953113556,0.4927791506052017,0.39390360563993454,0.654709056019783,0.6,0.6,0.6,0.4
548.4,768.0,548.8,548.6,0.39540447294712067,0.4005362540483475,0.38637060672044754,0.7152968645095825,0.8,0.8,0.8,0.4
658.2,877.4,768.2,548.2,0.4136042669415474,0.41853100061416626,0.40364769846200943,0.651394672691822,0.8,0.8,0.8,0.6
768.2,658.2,548.8,548.8,0.09502997994422913,0.09597031772136688,0.09251515567302704,0.5270989686250687,1.0,1.0,1.0,0.8
1097.0,877.6,768.0,328.8,0.46337343752384186,0.5059928148984909,0.4146086648106575,0.8806367218494415,0.8,0.8,0.8,0.0
768.0,658.4,548.6,329.4,0.3229570984840393,0.33967605233192444,0.27654432505369186,0.7027541846036911,0.8,0.8,0.8,0.4
548.6,548.8,438.8,549.0,0.07717905938625336,0.08901742100715637,0.0864299088716507,0.5266495645046234,1.0,1.0,1.0,0.8
768.2,877.6,768.0,439.2,0.6314729452133179,0.6550658345222473,0.5690018907189369,0.7913348525762558,0.4,0.4,0.6,0.19999999999999996
877.6,767.8,1207.0,658.2,0.589989960193634,0.6252134889364243,0.5975576788187027,0.7823484838008881,0.4,0.4,0.6,0.0
877.6,987.2,1097.0,548.4,0.19594706594944,0.2069120854139328,0.23005026578903198,0.5914347842335701,0.8,0.8,1.0,0.6
658.6,548.6,439.0,548.4,0.07698263972997665,0.08901742100715637,0.04098901152610779,0.5279639512300491,1.0,1.0,1.0,0.8
877.4,768.0,767.6,549.0,0.445909233763814,0.47245819866657257,0.38069532811641693,0.7183627188205719,0.6,0.6,0.8,0.19999999999999996
877.8,877.8,877.6,548.6,1.0173418894410133,1.043171837925911,0.9418243020772934,0.789228044450283,0.19999999999999996,0.19999999999999996,0.19999999999999996,0.19999999999999996
658.4,548.6,329.4,548.6,0.0,0.0,0.0,0.41848979890346527,1.0,1.0,1.0,1.0
877.4,767.8,877.8,548.2,0.45929668843746185,0.4731902629137039,0.49937543272972107,0.8270154967904091,0.6,0.6,0.6,0.19999999999999996
878.0,877.8,767.8,438.8,0.8849220871925354,0.91843281686306,0.7592533081769943,0.6702858805656433,0.19999999999999996,0.19999999999999996,0.19999999999999996,0.19999999999999996
548.6,548.4,329.2,548.4,0.07659203559160233,0.08901742100715637,0.04098901152610779,0.5294951945543289,1.0,1.0,1.0,0.8
657.8,658.4,658.0,438.8,0.20341548323631287,0.2235134318470955,0.13208135962486267,0.7025556862354279,1.0,1.0,1.0,0.4
548.4,548.0,548.4,548.8,0.39049412310123444,0.4160979986190796,0.2827160060405731,0.5433233305811882,0.6,0.6,0.6,0.6
658.4,768.0,658.6,548.6,0.3902049660682678,0.4160979986190796,0.2827160060405731,0.5434042364358902,0.6,0.6,0.6,0.6
768.4,548.6,549.0,548.6,0.4734610915184021,0.4880412518978119,0.4229375198483467,0.7251111268997192,0.8,0.6,0.8,0.4
548.8,878.0,548.4,548.8,0.2795700877904892,0.2896560877561569,0.26687638461589813,0.8123655766248703,0.8,0.8,0.8,0.4
768.0,877.6,658.4,439.0,0.7422567903995514,0.7653457224369049,0.6935613304376602,0.7903228476643562,0.4,0.4,0.4,0.19999999999999996
439.0,548.6,439.0,439.2,0.2265632301568985,0.24370573461055756,0.18402916938066483,0.5920004621148109,0.8,0.8,0.8,0.6
658.2,658.4,768.0,438.6,0.6870283484458923,0.7364848852157593,0.5779327750205994,0.8254883289337158,0.4,0.4,0.4,0.0
987.4,1097.2,987.6,438.8,0.10670864302664995,0.11055982671678066,0.11147007811814547,0.42132556438446045,1.0,1.0,1.0,1.0
658.4,877.8,878.2,548.6,0.07628747075796127,0.08901742100715637,0.04098901152610779,0.530068427324295,1.0,1.0,1.0,0.8
658.4,877.4,439.0,548.0,0.20275256037712097,0.2235134318470955,0.13208135962486267,0.702720433473587,1.0,1.0,1.0,0.4
549.0,439.0,548.8,438.6,0.22603294998407364,0.24370573461055756,0.18402916938066483,0.5920056253671646,0.8,0.8,0.8,0.6
548.2,548.8,658.0,548.4,0.5075252875685692,0.5425299257040024,0.3618343323469162,0.6536988914012909,0.6,0.6,0.6,0.4
658.0,548.6,548.6,658.4,0.0,0.0,0.0,0.42003385722637177,1.0,1.0,1.0,1.0
877.6,768.0,877.4,438.8,0.6648352611809969,0.6809404790401459,0.6134868338704109,0.7251266241073608,0.6,0.4,0.6,0.4
877.8,548.8,548.4,548.8,0.2537590339779854,0.2838330343365669,0.1886456310749054,0.6400162056088448,1.0,1.0,1.0,0.6
768.2,767.6,877.8,438.8,0.5382564812898636,0.5662712156772614,0.45919564366340637,0.8291155844926834,0.6,0.6,0.6,0.0
658.6,768.0,658.2,548.8,0.5451279804110527,0.5893676578998566,0.3990836888551712,0.7160920351743698,0.6,0.6,0.6,0.19999999999999996
767.8,548.4,548.4,549.0,0.5408151969313622,0.5764040797948837,0.45065125077962875,0.7638424783945084,0.6,0.6,0.6,0.19999999999999996
658.4,548.4,438.8,548.4,0.07558391988277435,0.08901742100715637,0.04098901152610779,0.530773863196373,1.0,1.0,1.0,0.8
658.2,438.8,438.8,548.8,0.15104088187217712,0.17803484201431274,0.08197802305221558,0.6401339843869209,1.0,1.0,1.0,0.6
658.2,658.0,548.6,548.4,0.07539373636245728,0.08901742100715637,0.04098901152610779,0.5301701724529266,1.0,1.0,1.0,0.8
548.6,767.8,658.4,548.6,0.5412862002849579,0.5811665207147598,0.501361221075058,0.8748037219047546,0.6,0.6,0.6,0.0
658.2,658.4,438.6,439.2,0.3881354182958603,0.4160979986190796,0.2827160060405731,0.5441897213459015,0.6,0.6,0.6,0.6
658.2,657.8,658.2,439.0,0.150408536195755,0.17803484201431274,0.12741892039775848,0.638719417154789,1.0,1.0,1.0,0.6
548.6,548.8,438.8,549.0,0.6624137163162231,0.6824362576007843,0.5970835536718369,0.7260415554046631,0.4,0.4,0.4,0.4
548.4,658.2,548.6,439.2,0.0,0.0,0.0,0.417364276945591,1.0,1.0,1.0,1.0
768.2,877.6,658.2,438.8,0.6835921257734299,0.697282075881958,0.6690629869699478,0.5435589477419853,0.4,0.4,0.4,0.6
768.0,768.2,658.4,439.0,0.46258316189050674,0.505115419626236,0.3237050175666809,0.6547040343284607,0.6,0.6,0.6,0.4
438.8,439.2,439.0,439.0,0.07489006221294403,0.08901742100715637,0.04098901152610779,0.5261315554380417,1.0,1.0,1.0,0.8
767.6,548.6,329.2,548.4,0.3872864842414856,0.4160979986190796,0.2827160060405731,0.5433037206530571,0.6,0.6,0.6,0.6
768.0,548.4,658.4,548.6,0.3103470830246806,0.3368595838546753,0.23598739504814148,0.7668237760663033,0.8,0.8,0.8,0.19999999999999996
768.2,658.2,658.2,439.0,0.7590283527970314,0.8001450747251511,0.613919086754322,0.8309544920921326,0.19999999999999996,0.19999999999999996,0.19999999999999996,0.0
768.2,768.0,768.0,658.6,0.42922671884298325,0.45818890631198883,0.4514933079481125,0.7184498906135559,0.8,0.6,0.8,0.19999999999999996
658.8,438.8,548.4,439.2,0.45400528609752655,0.4651178568601608,0.43612824380397797,0.48100169003009796,0.6,0.6,0.6,0.8
548.4,438.8,439.0,548.4,0.34505634009838104,0.33733510971069336,0.3465961068868637,0.6532217934727669,0.6,0.6,0.6,0.6
768.0,877.8,878.0,548.8,0.8427013829350471,0.8539814576506615,0.8368485569953918,0.8898609802126884,0.19999999999999996,0.19999999999999996,0.19999999999999996,0.19999999999999996
2084.6,1426.4,1535.8,1645.4,0.0,0.0,0.0,0.418064221739769,1.0,1.0,1.0,1.0
658.4,329.0,548.6,109.8,0.30207958072423935,0.3257545679807663,0.24783923476934433,0.5911083221435547,0.8,0.8,0.8,0.6
658.2,1097.2,1097.2,329.2,0.23369525326415896,0.24069405999034643,0.2754118391312659,0.5907727554440498,0.8,0.8,0.8,0.6
658.4,877.4,658.4,438.8,0.4288346469402313,0.45818890631198883,0.4514933079481125,0.7183138430118561,0.8,0.6,0.8,0.19999999999999996
768.0,658.4,438.8,329.2,0.4727579951286316,0.47984250634908676,0.43166136741638184,0.6618285775184631,0.6,0.8,0.6,0.6
548.8,658.4,548.4,329.0,0.811346247792244,0.8376853466033936,0.7337908446788788,0.8432808816432953,0.19999999999999996,0.19999999999999996,0.19999999999999996,0.0
548.0,767.8,439.0,548.8,0.6049003973603249,0.6708139926195145,0.4758816286921501,0.8759070634841919,0.6,0.6,0.6,0.0
548.4,548.2,548.8,219.6,0.09511010348796844,0.09597031772136688,0.09251515567302704,0.5283043384552002,1.0,1.0,1.0,0.8
329.0,439.2,658.4,658.2,0.07420571893453598,0.08901742100715637,0.0864299088716507,0.526976615190506,1.0,1.0,1.0,0.8
439.0,438.8,438.8,219.2,0.0,0.0,0.0,0.4158090800046921,1.0,1.0,1.0,1.0
329.0,548.4,548.8,109.8,0.3012334406375885,0.3167017251253128,0.27271389961242676,0.7013764381408691,0.8,0.8,0.8,0.4
548.8,548.6,439.0,329.0,0.1753876581788063,0.19481561332941055,0.1476566195487976,0.5258497297763824,1.0,1.0,1.0,0.8
877.6,548.6,878.0,329.0,0.7304397076368332,0.753433108329773,0.6293121129274368,0.7815512269735336,0.19999999999999996,0.19999999999999996,0.19999999999999996,0.19999999999999996
658.2,7789.6,438.8,329.4,0.16893696784973145,0.18498773872852325,0.13350416719913483,0.6369796767830849,1.0,1.0,1.0,0.6
658.2,658.2,767.8,329.4,0.4791412800550461,0.4968867301940918,0.5526860803365707,0.7653911262750626,0.6,0.6,0.6,0.19999999999999996
658.2,658.0,658.2,439.2,0.7434916496276855,0.7976057529449463,0.6230217143893242,0.7366148382425308,0.4,0.19999999999999996,0.4,0.0
658.4,439.0,439.0,329.0,0.1540781557559967,0.16702458262443542,0.1460643708705902,0.4806760251522064,0.8,0.8,0.8,0.8
768.0,658.0,438.8,329.0,0.5443674251437187,0.5770586729049683,0.4639265313744545,0.8369566425681114,0.8,0.6,0.8,0.19999999999999996
329.0,329.0,109.8,219.4,0.0,0.0,0.0,0.4173538088798523,1.0,1.0,1.0,1.0
658.0,548.6,438.8,439.2,0.5399471074342728,0.5869130194187164,0.4503653943538666,0.7648457586765289,0.6,0.6,0.6,0.19999999999999996
658.2,548.4,768.0,439.0,0.19529664888978004,0.21117716282606125,0.2022799476981163,0.7012792825698853,1.0,1.0,1.0,0.4
329.0,219.4,219.4,329.4,0.0,0.0,0.0,0.41660062968730927,1.0,1.0,1.0,1.0
548.6,329.2,439.0,109.6,0.24895240366458893,0.2629949003458023,0.23857952654361725,0.5901810005307198,0.8,0.8,0.8,0.6
767.8,877.6,658.4,548.8,0.46459008753299713,0.5057912394404411,0.41685058921575546,0.7196879833936691,0.8,0.6,0.8,0.19999999999999996
548.6,329.0,329.2,219.6,0.19311044365167618,0.2069120854139328,0.23005026578903198,0.590569794178009,1.0,0.8,1.0,0.6
548.4,219.4,329.2,219.6,0.22246888279914856,0.2219134420156479,0.203391432762146,0.6991166472434998,0.8,0.8,0.8,0.6
438.8,439.0,439.0,439.0,0.16103270649909973,0.16163209080696106,0.16182300448417664,0.4788137674331665,0.8,0.8,0.8,0.8
658.4,877.6,658.6,438.8,0.48242688924074173,0.5142717212438583,0.46002256870269775,0.7209081277251244,0.6,0.6,0.6,0.19999999999999996
658.4,438.8,438.8,438.8,0.38444657623767853,0.4160979986190796,0.2827160060405731,0.5435982197523117,0.6,0.6,0.6,0.6
658.6,548.4,549.0,219.2,0.2967246323823929,0.33272315561771393,0.2250181809067726,0.7016493827104568,0.8,0.8,0.8,0.4
548.4,657.8,658.4,549.0,0.7796960398554802,0.8141796141862869,0.720368318259716,0.8941347151994705,0.4,0.4,0.4,0.0
658.4,548.4,548.8,329.2,0.7035269439220428,0.7238814979791641,0.6500915437936783,0.7910559922456741,0.4,0.4,0.4,0.19999999999999996
548.6,329.2,439.0,329.2,0.3134507928043604,0.31030210852622986,0.3920621797442436,0.8276761695742607,0.8,0.8,0.8,0.19999999999999996
767.8,438.6,548.6,329.4,0.5454100519418716,0.5759027600288391,0.5144517421722412,0.6081086695194244,0.4,0.4,0.4,0.4
328.8,219.2,219.6,329.4,0.0,0.0,0.0,0.4158996045589447,1.0,1.0,1.0,1.0
329.4,548.6,328.8,438.8,0.38421280682086945,0.4160979986190796,0.2827160060405731,0.5436186566948891,0.6,0.6,0.6,0.6
877.6,658.2,658.6,438.6,0.797371082007885,0.8426290601491928,0.7389693558216095,0.7830187976360321,0.4,0.4,0.4,0.0
658.4,548.8,658.2,329.0,0.46560733020305634,0.5044853687286377,0.39017362147569656,0.7652418464422226,0.6,0.6,0.6,0.19999999999999996
438.4,439.0,438.8,439.2,0.4843769446015358,0.49975933134555817,0.44007400423288345,0.7727400958538055,0.8,0.6,0.8,0.4
548.6,548.8,548.6,0.0,0.663682647049427,0.6700307130813599,0.6983178183436394,0.8879615515470505,0.4,0.4,0.4,0.0
438.8,329.0,439.2,219.4,0.15766833163797855,0.1821712702512741,0.09294723719358444,0.7017757296562195,1.0,1.0,1.0,0.4
438.8,329.0,219.4,329.0,0.1456095576286316,0.17803484201431274,0.12741892039775848,0.6391382962465286,1.0,1.0,1.0,0.6
329.0,219.4,219.4,109.8,0.0,0.0,0.0,0.41835885494947433,1.0,1.0,1.0,1.0
329.0,219.4,219.4,219.4,0.0,0.0,0.0,0.4164363443851471,1.0,1.0,1.0,1.0
548.4,548.4,439.0,439.2,0.528413325548172,0.5941328406333923,0.3646940290927887,0.7658900693058968,0.6,0.6,0.6,0.19999999999999996
548.6,329.0,329.2,329.0,0.084626997821033,0.09315384924411774,0.051958225667476654,0.5907898098230362,1.0,1.0,1.0,0.6
768.2,877.6,1097.2,329.2,0.5857806503772736,0.6305811703205109,0.476957343518734,0.6723634079098701,0.6,0.4,0.6,0.19999999999999996
658.2,439.0,548.8,329.2,0.45516256988048553,0.505115419626236,0.3237050175666809,0.6546513885259628,0.6,0.6,0.6,0.4
658.4,658.6,548.4,219.4,0.2052980586886406,0.20628442615270615,0.20296518504619598,0.4804718494415283,0.8,1.0,0.8,0.8
768.0,877.8,658.2,438.8,0.953105017542839,0.9983356297016144,0.886691078543663,0.7182001918554306,0.19999999999999996,0.19999999999999996,0.19999999999999996,0.19999999999999996
438.8,329.0,548.8,219.4,0.4521482586860657,0.4927791506052017,0.39390360563993454,0.6543964296579361,0.6,0.6,0.6,0.4
658.2,987.4,768.0,21833.0,0.34074199199676514,0.35566890239715576,0.3353990614414215,0.5909090414643288,0.6,0.6,0.6,0.6
658.6,548.4,658.0,329.0,0.5173521563410759,0.5764288902282715,0.40904735028743744,0.8756310343742371,0.6,0.6,0.6,0.0
439.2,439.0,438.8,219.4,0.45664894580841064,0.45679716765880585,0.45727749913930893,0.8371298611164093,0.8,0.8,0.8,0.4
548.6,439.0,438.8,328.8,0.12480180338025093,0.13449601083993912,0.09109234809875488,0.5910501852631569,1.0,1.0,1.0,0.6
768.0,329.4,548.8,219.4,0.5236669331789017,0.5817965716123581,0.3616698160767555,0.7649096250534058,0.6,0.6,0.6,0.19999999999999996
877.6,548.2,768.0,219.4,0.3438831567764282,0.3801817446947098,0.34641794860363007,0.7642135769128799,1.0,0.8,1.0,0.19999999999999996
548.6,549.0,768.2,328.8,0.7999179065227509,0.7894295752048492,0.8034834712743759,0.8882153481245041,0.19999999999999996,0.19999999999999996,0.19999999999999996,0.19999999999999996
438.6,329.0,219.6,329.2,0.0,0.0,0.0,0.41936222463846207,1.0,1.0,1.0,1.0
438.6,329.0,329.4,219.4,0.0,0.0,0.0,0.4189635440707207,1.0,1.0,1.0,1.0
439.0,329.4,329.0,438.4,0.0,0.0,0.0,0.41863955557346344,1.0,1.0,1.0,1.0
877.8,768.0,768.0,548.4,0.6822933703660965,0.7440559715032578,0.5421238467097282,0.7812340259552002,0.4,0.4,0.4,0.0
548.4,658.4,548.4,329.2,0.16326691955327988,0.17740608751773834,0.20055969804525375,0.6542167812585831,1.0,1.0,1.0,0.4
439.2,658.4,768.0,219.2,0.5083854496479034,0.5330957621335983,0.49208106100559235,0.6079325526952744,0.4,0.4,0.4,0.4
548.6,438.8,438.8,439.0,0.07163984328508377,0.08901742100715637,0.04098901152610779,0.5296710729598999,1.0,1.0,1.0,0.8
548.2,548.6,439.2,329.2,0.05574801005423069,0.053295545279979706,0.06035563722252846,0.6658941507339478,1.0,1.0,1.0,0.6
548.8,548.6,548.6,438.8,0.6573653370141983,0.7023346871137619,0.5935700684785843,0.717082217335701,0.4,0.4,0.4,0.19999999999999996
767.8,439.0,329.2,329.4,0.08622669242322445,0.10549011826515198,0.05498243868350983,0.5912554562091827,1.0,1.0,1.0,0.6
658.2,548.8,548.4,438.6,0.49449485540390015,0.5472063273191452,0.4924823194742203,0.8271798193454742,0.8,0.6,0.8,0.0
658.2,439.0,329.2,219.4,0.22310952842235565,0.2560420036315918,0.187053382396698,0.5913756638765335,0.8,0.8,0.8,0.6
548.6,439.0,438.6,219.4,0.21386942267417908,0.2670522630214691,0.12296703457832336,0.7472504675388336,1.0,1.0,1.0,0.4
219.4,329.4,439.0,329.2,0.0,0.0,0.0,0.41847720742225647,1.0,1.0,1.0,1.0
658.2,548.8,548.8,329.0,0.3810412287712097,0.4160979986190796,0.2827160060405731,0.5447136238217354,0.6,0.6,0.6,0.6
548.4,658.0,548.6,329.2,0.9592092484235764,0.9982136189937592,0.9282093048095703,0.6731711626052856,0.0,0.0,0.0,0.19999999999999996
658.2,439.0,548.2,329.2,0.4516841173171997,0.505115419626236,0.3237050175666809,0.6544676721096039,0.6,0.6,0.6,0.4
548.4,768.2,658.2,219.2,0.24910005927085876,0.2667315825819969,0.29323387891054153,0.5907987877726555,1.0,1.0,1.0,0.6
658.2,548.8,438.8,438.8,0.2306315302848816,0.25127682089805603,0.2214430421590805,0.5447888821363449,0.8,0.8,0.8,0.6
439.2,329.0,329.0,329.2,0.15144142508506775,0.16702458262443542,0.1460643708705902,0.48060618340969086,0.8,0.8,0.8,0.8
548.4,548.8,328.8,329.2,0.0,0.0,0.0,0.41535813361406326,1.0,1.0,1.0,1.0
658.2,657.8,658.0,439.2,0.440254345536232,0.4537806361913681,0.3965900093317032,0.7725292593240738,0.8,0.8,0.8,0.4
548.6,438.8,548.8,329.0,0.1944502294063568,0.2235134318470955,0.13208135962486267,0.7008155733346939,1.0,1.0,1.0,0.4
877.8,329.0,658.4,219.4,0.07076955586671829,0.08901742100715637,0.0864299088716507,0.5253442376852036,1.0,1.0,1.0,0.8
548.8,658.2,548.8,328.8,0.16910532116889954,0.17176221311092377,0.16515544056892395,0.47872015833854675,0.8,0.8,0.8,0.8
329.2,438.8,329.2,438.8,0.0,0.0,0.0,0.41204169392585754,1.0,1.0,1.0,1.0
329.0,439.2,548.8,329.0,0.08333184104412794,0.09315384924411774,0.051958225667476654,0.5892160534858704,1.0,1.0,1.0,0.6
658.2,768.0,658.4,329.2,0.7958304211497307,0.8513907939195633,0.7420442923903465,0.7214603871107101,0.4,0.19999999999999996,0.4,0.19999999999999996
658.2,549.0,548.2,219.2,0.5727985575795174,0.6252134889364243,0.5975576788187027,0.7876558601856232,0.6,0.4,0.6,0.0
658.2,548.4,328.8,329.4,0.31672054529190063,0.3520123213529587,0.27956853806972504,0.7010962814092636,0.8,0.8,0.8,0.4
548.4,438.8,548.4,219.6,0.5162408649921417,0.5633112788200378,0.39179254323244095,0.6553486585617065,0.6,0.6,0.6,0.4
329.4,329.2,439.0,328.8,0.07896318286657333,0.0842522382736206,0.0753786712884903,0.47799743711948395,1.0,1.0,1.0,0.8
658.2,439.0,658.0,329.2,0.4348324853926897,0.47245819866657257,0.38069532811641693,0.7213424891233444,0.8,0.6,0.8,0.19999999999999996
1097.4,1097.2,987.4,438.4,0.5987085029482841,0.6415717154741287,0.5586569905281067,0.7668216452002525,0.4,0.4,0.4,0.19999999999999996
658.2,329.2,658.2,438.8,0.4522246681153774,0.485102541744709,0.3621819093823433,0.5437792465090752,0.8,0.6,0.8,0.6
34998.4,767.8,657.8,439.2,0.688440628349781,0.7440832555294037,0.6099909022450447,0.9047148078680038,0.6,0.4,0.6,0.0
548.2,438.8,328.8,219.6,0.17802503239363432,0.18912416696548462,0.1444733813405037,0.7009601145982742,1.0,1.0,1.0,0.4
767.8,658.4,439.0,438.8,0.21935579180717468,0.24370573461055756,0.18402916938066483,0.5895911678671837,0.8,0.8,0.8,0.6
438.8,438.8,658.0,109.8,0.20524447225034237,0.2233847826719284,0.24404369294643402,0.6551657170057297,1.0,0.8,1.0,0.4
877.8,988.0,877.6,438.8,0.41739482432603836,0.43992114067077637,0.4107777327299118,0.6550663411617279,0.6,0.6,0.6,0.4
219.2,438.6,439.2,329.0,0.26703017950057983,0.2690829038619995,0.2659206688404083,0.5994727611541748,0.8,0.8,0.8,0.8
548.6,658.2,658.4,438.8,0.9290819317102432,0.9652523249387741,0.7971033677458763,0.8402038589119911,0.19999999999999996,0.19999999999999996,0.19999999999999996,0.19999999999999996
877.4,658.2,438.8,329.4,0.22868689894676208,0.24907341599464417,0.1366516351699829,0.4788324236869812,0.8,0.8,0.8,0.8
1097.2,987.4,1097.0,548.4,0.5461666658520699,0.5941052883863449,0.41817475855350494,0.7206232398748398,0.6,0.6,0.6,0.19999999999999996
438.8,438.6,439.0,329.2,0.0,0.0,0.0,0.41349805891513824,1.0,1.0,1.0,1.0
548.4,548.6,658.0,329.0,0.16476739197969437,0.18498773872852325,0.13350416719913483,0.6348473653197289,1.0,1.0,1.0,0.6
658.4,548.8,658.6,219.2,0.4926566332578659,0.5452263280749321,0.4211858883500099,0.8330685496330261,0.6,0.6,0.6,0.0
548.6,439.2,548.6,109.6,0.35563777945935726,0.39040936529636383,0.39010806381702423,0.7213953956961632,0.8,0.6,0.8,0.19999999999999996
329.2,329.2,438.8,329.2,0.0,0.0,0.0,0.41302651166915894,1.0,1.0,1.0,1.0
658.2,548.6,439.0,548.6,0.09481359273195267,0.09597031772136688,0.09251515567302704,0.5232708752155304,1.0,1.0,1.0,0.8
329.0,329.0,109.8,439.0,0.0,0.0,0.0,0.41064634919166565,1.0,1.0,1.0,1.0
548.8,438.8,438.4,219.2,0.3401068076491356,0.35168252140283585,0.34386928379535675,0.5434694960713387,0.8,0.8,0.8,0.6
658.2,658.4,438.8,219.2,0.23265325278043747,0.2616688907146454,0.17146896570920944,0.7464598268270493,1.0,1.0,1.0,0.4
548.6,767.8,439.2,219.4,0.5274010598659515,0.581823855638504,0.429536871612072,0.8850127682089806,0.8,0.6,0.8,0.19999999999999996
548.8,438.8,438.8,219.4,0.10046546906232834,0.10579819232225418,0.10666760802268982,0.40847890079021454,1.0,1.0,1.0,1.0
658.4,548.8,438.4,438.6,0.2047349289059639,0.20628442615270615,0.20296518504619598,0.4757474213838577,0.8,1.0,0.8,0.8
768.2,768.0,768.2,438.8,0.6261988580226898,0.631131500005722,0.6315130889415741,0.6512663066387177,0.4,0.4,0.4,0.6
658.4,548.8,548.2,329.0,0.36448588222265244,0.38691315054893494,0.3333326280117035,0.588202640414238,0.8,0.8,0.8,0.6
658.2,548.8,658.2,329.0,0.5138849169015884,0.5541592240333557,0.5440084636211395,0.8369621634483337,0.8,0.6,0.8,0.0
439.0,329.0,329.4,329.0,0.1640593409538269,0.18498773872852325,0.13350416719913483,0.6332595199346542,1.0,1.0,1.0,0.6
439.0,109.6,438.6,219.2,0.06924250721931458,0.08901742100715637,0.04098901152610779,0.5198919475078583,1.0,1.0,1.0,0.8
439.0,329.2,329.0,438.6,0.06913135945796967,0.08901742100715637,0.04098901152610779,0.519636258482933,1.0,1.0,1.0,0.8
768.0,548.6,548.6,109.6,0.5918247923254967,0.6350874453783035,0.5779823809862137,0.8325515240430832,0.4,0.4,0.4,0.19999999999999996
438.8,329.4,439.2,109.6,0.8250105828046799,0.9088771492242813,0.6766196116805077,0.7937112748622894,0.19999999999999996,0.19999999999999996,0.19999999999999996,0.0
548.4,548.4,439.0,439.0,0.8529908731579781,0.8802917525172234,0.8291881233453751,0.7195273786783218,0.19999999999999996,0.19999999999999996,0.19999999999999996,0.4
768.0,768.2,768.0,548.4,0.4520159438252449,0.4934549704194069,0.4870491772890091,0.7245674431324005,0.8,0.6,0.8,0.19999999999999996
1316.6,1865.2,878.0,255960.2,0.8479239717125893,0.9014989286661148,0.7367151752114296,0.8553716540336609,0.19999999999999996,0.19999999999999996,0.19999999999999996,0.0
658.0,548.2,438.8,549.0,0.4933962821960449,0.5041713565587997,0.4836839586496353,0.5436885580420494,0.6,0.6,0.6,0.6
548.6,658.2,877.6,439.0,0.21826574951410294,0.24370573461055756,0.18402916938066483,0.5886157602071762,0.8,0.8,0.8,0.6
658.0,1097.2,877.6,329.2,0.27839692682027817,0.30887337028980255,0.24445052444934845,0.7008634209632874,0.8,0.8,0.8,0.4
548.6,329.2,219.4,219.6,0.0417332798242569,0.0368228480219841,0.04636221006512642,0.5956068933010101,1.0,1.0,1.0,0.8
548.6,768.0,438.8,219.2,0.5981817990541458,0.6327648609876633,0.5867275595664978,0.7906066328287125,0.4,0.4,0.4,0.0
548.6,658.0,548.6,329.2,0.08332536835223436,0.10549011826515198,0.05498243868350983,0.5887220725417137,1.0,1.0,1.0,0.6
877.6,658.2,548.4,219.6,0.34049373120069504,0.38627293705940247,0.30591604858636856,0.65582075715065,0.8,0.6,0.8,0.4
328.8,329.0,329.2,219.6,0.09998099505901337,0.10579819232225418,0.10666760802268982,0.4089956730604172,1.0,1.0,1.0,1.0
329.4,329.2,328.8,438.8,0.0,0.0,0.0,0.40875334292650223,1.0,1.0,1.0,1.0
329.4,439.0,438.6,329.0,0.44635945558547974,0.44313330203294754,0.45326371490955353,0.6510334461927414,0.6,0.6,0.6,0.6
438.8,439.0,329.0,329.0,0.06871215254068375,0.08901742100715637,0.04098901152610779,0.5199636220932007,1.0,1.0,1.0,0.8
657.8,658.0,438.8,219.6,0.3807147890329361,0.38417284190654755,0.3838454633951187,0.7189798504114151,0.6,0.6,0.6,0.4
219.4,329.0,439.0,329.4,0.0,0.0,0.0,0.4055909439921379,1.0,1.0,1.0,1.0
548.4,548.8,438.6,219.4,0.8367385491728783,0.8689068704843521,0.7836870923638344,0.7281340807676315,0.4,0.19999999999999996,0.4,0.4
987.6,1426.2,1206.8,328.8,0.46037345845252275,0.5092518478631973,0.3346742317080498,0.725412406027317,0.6,0.6,0.6,0.19999999999999996
1097.6,1316.6,1206.8,328.8,0.7411636784672737,0.7770980224013329,0.6965884044766426,0.7962565943598747,0.4,0.4,0.4,0.19999999999999996
767.8,877.6,768.0,329.2,0.28639864921569824,0.33272315561771393,0.2250181809067726,0.7015034705400467,0.8,0.8,0.8,0.4
438.6,438.8,438.8,329.4,0.06644967943429947,0.07053212821483612,0.07111173868179321,0.40637537837028503,1.0,1.0,1.0,1.0
768.4,548.8,548.6,438.6,0.46994162537157536,0.5168229341506958,0.37208810448646545,0.6808720380067825,0.6,0.6,0.6,0.19999999999999996
548.4,219.4,329.4,329.2,0.0,0.0,0.0,0.4054965078830719,1.0,1.0,1.0,1.0
768.0,548.4,658.4,219.6,0.0,0.0,0.0,0.4047944024205208,1.0,1.0,1.0,1.0
439.0,439.0,548.8,329.0,0.1558052971959114,0.16976207494735718,0.1266482174396515,0.5872298032045364,1.0,1.0,1.0,0.6
548.4,549.0,438.8,328.8,0.45776911079883575,0.49103808403015137,0.4468231797218323,0.6118316948413849,0.6,0.6,0.6,0.4
548.4,548.6,767.8,109.8,0.7365328148007393,0.7593614608049393,0.7324777394533157,0.7296439111232758,0.4,0.6,0.4,0.4
438.6,658.4,658.2,329.2,0.2595384865999222,0.2928648516535759,0.23341559246182442,0.7748723477125168,0.8,0.8,0.8,0.4
658.4,658.4,548.8,328.8,0.4540211856365204,0.49214909970760345,0.4603722095489502,0.7711133509874344,0.6,0.6,0.6,0.19999999999999996
658.6,658.0,548.6,109.8,0.28590649366378784,0.34505942463874817,0.2280423939228058,0.7017239332199097,0.8,0.8,0.8,0.4
548.4,658.4,548.4,548.6,0.2172800824046135,0.2560420036315918,0.187053382396698,0.5875756964087486,0.8,0.8,0.8,0.6
548.6,439.2,438.6,219.2,0.3869791030883789,0.4037890136241913,0.3475588485598564,0.6583944037556648,0.8,0.6,0.8,0.6
219.6,219.2,219.6,109.8,0.14896085858345032,0.16702458262443542,0.1460643708705902,0.47306886315345764,0.8,0.8,0.8,0.8
658.4,658.0,658.6,438.8,0.12220712378621101,0.13449601083993912,0.09109234809875488,0.5869858935475349,1.0,1.0,1.0,0.6
548.6,548.6,439.0,438.8,0.16260293126106262,0.18498773872852325,0.13350416719913483,0.63151915371418,1.0,1.0,1.0,0.6
2962.4,548.4,438.6,109.8,0.37812728621065617,0.41224974393844604,0.28350115567445755,0.6831069067120552,0.8,0.6,0.8,0.19999999999999996
548.6,219.2,548.6,219.6,0.6764264106750488,0.714191272854805,0.5727798789739609,0.5422194674611092,0.4,0.4,0.4,0.6
767.8,658.2,658.6,219.4,0.483673557639122,0.534870058298111,0.4894581064581871,0.841160386800766,0.8,0.6,0.8,0.0
329.2,438.8,329.2,329.0,0.1870724931359291,0.16816208511590958,0.19795829057693481,0.5807561874389648,0.8,0.8,0.8,0.8
438.8,329.2,329.2,219.6,0.06794929504394531,0.08901742100715637,0.04098901152610779,0.517750158905983,1.0,1.0,1.0,0.8
219.6,219.6,219.2,109.8,0.0,0.0,0.0,0.40255945175886154,1.0,1.0,1.0,1.0
658.4,549.0,548.4,219.2,0.16234829276800156,0.18498773872852325,0.13350416719913483,0.631066083908081,1.0,1.0,1.0,0.6
767.8,658.4,658.2,439.0,0.27107004541903734,0.3124022036790848,0.2850327044725418,0.7727930545806885,1.0,0.8,1.0,0.19999999999999996
438.6,548.6,438.8,329.2,0.21621863543987274,0.24370573461055756,0.18402916938066483,0.5865638181567192,0.8,0.8,0.8,0.6
548.8,329.0,548.6,219.4,0.6466264873743057,0.6447010338306427,0.639834389090538,0.8349788635969162,0.19999999999999996,0.19999999999999996,0.19999999999999996,0.19999999999999996
548.4,548.4,439.0,219.4,0.370201975107193,0.3766017556190491,0.3755316510796547,0.7640599757432938,0.6,0.6,0.6,0.4
548.4,658.4,438.8,329.0,0.1887698471546173,0.2069120854139328,0.23005026578903198,0.5870040878653526,1.0,0.8,1.0,0.6
548.6,548.6,548.6,329.2,0.33715225011110306,0.3739366680383682,0.3761146366596222,0.6570113003253937,0.8,0.6,0.8,0.4
329.4,439.2,438.6,438.4,0.0,0.0,0.0,0.40122080594301224,1.0,1.0,1.0,1.0
439.0,438.8,548.4,329.2,0.06762624531984329,0.08901742100715637,0.04098901152610779,0.5157295614480972,1.0,1.0,1.0,0.8
439.0,439.0,548.6,658.4,0.22609509527683258,0.25127682089805603,0.2214430421590805,0.5420978739857674,0.8,0.8,0.8,0.6
438.4,548.4,548.6,439.0,0.8686956018209457,0.9186303615570068,0.7569735646247864,0.613083004951477,0.19999999999999996,0.19999999999999996,0.19999999999999996,0.4
548.6,219.4,219.6,329.2,0.0,0.0,0.0,0.4006963223218918,1.0,1.0,1.0,1.0
548.6,548.6,768.2,109.8,0.48120298981666565,0.5296000838279724,0.41574956476688385,0.7727662175893784,0.6,0.6,0.6,0.4
768.0,768.2,438.8,548.4,0.2944159433245659,0.3167017251253128,0.27271389961242676,0.7020971029996872,0.8,0.8,0.8,0.4
438.8,548.4,439.0,439.0,0.06730549037456512,0.08901742100715637,0.04098901152610779,0.514168381690979,1.0,1.0,1.0,0.8
658.4,329.2,329.0,329.0,0.6698932573199272,0.7541888356208801,0.4603566527366638,0.7295757532119751,0.4,0.4,0.4,0.19999999999999996
219.6,219.4,329.2,109.8,0.06714595854282379,0.08901742100715637,0.04098901152610779,0.5149283558130264,1.0,1.0,1.0,0.8
658.4,658.2,658.4,329.4,0.5787153840065002,0.5986560136079788,0.5780868008732796,0.8631443381309509,0.6,0.4,0.6,0.0
877.4,658.2,548.6,548.6,0.5334102511405945,0.5759027600288391,0.5144517421722412,0.6128908097743988,0.4,0.4,0.4,0.4
767.6,658.2,658.0,439.2,0.7492152750492096,0.8266742825508118,0.7211864292621613,0.84361232817173,0.4,0.4,0.4,0.0
877.6,768.4,657.8,329.0,0.4469738304615021,0.4934549704194069,0.4870491772890091,0.7275451198220253,0.8,0.6,0.8,0.19999999999999996
658.2,439.0,438.8,329.2,0.06682861596345901,0.08901742100715637,0.04098901152610779,0.5166552364826202,1.0,1.0,1.0,0.8
658.2,329.0,109.8,219.6,0.054117657244205475,0.057814858853816986,0.05312754958868027,0.4713686853647232,1.0,1.0,1.0,0.8
548.6,329.4,329.0,328.8,0.06672333180904388,0.08901742100715637,0.04098901152610779,0.5153666734695435,1.0,1.0,1.0,0.8
658.6,548.4,548.4,438.8,0.06661829352378845,0.08901742100715637,0.04098901152610779,0.5147280842065811,1.0,1.0,1.0,0.8
439.0,439.0,548.4,329.0,0.16611042246222496,0.2133009061217308,0.11753389239311218,0.6299431324005127,1.0,1.0,1.0,0.6
658.6,439.0,658.0,329.0,0.7979862913489342,0.8352307081222534,0.7559724897146225,0.9075345098972321,0.19999999999999996,0.19999999999999996,0.19999999999999996,0.0
658.2,658.6,548.4,328.8,0.26910480856895447,0.30152059346437454,0.2371567189693451,0.6573531180620193,0.8,0.8,0.8,0.4
767.8,548.2,548.6,329.2,0.38203219324350357,0.38354553282260895,0.3943144977092743,0.7642176151275635,0.6,0.6,0.6,0.4
329.0,438.6,329.4,439.0,0.0,0.0,0.0,0.4001074284315109,1.0,1.0,1.0,1.0
438.8,439.0,438.8,109.8,0.7283336445689201,0.7931885570287704,0.6706124469637871,0.8441875725984573,0.4,0.4,0.4,0.0
658.2,438.8,548.2,329.0,0.2280554622411728,0.2383132427930832,0.19978780299425125,0.5864596739411354,0.8,0.8,0.8,0.6
658.2,548.6,548.6,329.0,0.5137071013450623,0.5090112835168839,0.5184667631983757,0.7912421002984047,0.6,0.4,0.6,0.19999999999999996
548.4,439.0,438.8,219.4,0.09450038522481918,0.09597031772136688,0.09251515567302704,0.5159842669963837,1.0,1.0,1.0,0.8
548.4,658.8,438.8,329.0,0.6739064157009125,0.714191272854805,0.5727798789739609,0.5426282435655594,0.4,0.4,0.4,0.6
548.6,438.8,438.8,329.2,0.13229739665985107,0.17803484201431274,0.08197802305221558,0.6300441473722458,1.0,1.0,1.0,0.6
438.8,548.6,438.8,329.2,0.21341508626937866,0.2560420036315918,0.187053382396698,0.5863463431596756,0.8,0.8,0.8,0.6
438.6,548.6,438.8,219.6,0.06599326431751251,0.08901742100715637,0.04098901152610779,0.514748752117157,1.0,1.0,1.0,0.8
439.0,329.2,438.6,329.2,0.0,0.0,0.0,0.3994256258010864,1.0,1.0,1.0,1.0
548.2,548.4,439.0,219.6,0.2514152005314827,0.2700997218489647,0.21917518973350525,0.7010908275842667,0.8,0.8,0.8,0.4
439.0,438.8,329.4,329.2,0.2145616039633751,0.24370573461055756,0.18402916938066483,0.5857667922973633,0.8,0.8,0.8,0.6
548.4,439.0,329.4,329.0,0.2816319912672043,0.3203868865966797,0.22199396789073944,0.7008872628211975,0.8,0.8,0.8,0.4
548.6,658.4,439.0,329.2,0.22599737346172333,0.2740051597356796,0.17449317872524261,0.7435253411531448,1.0,1.0,1.0,0.4
548.6,438.8,438.8,329.2,0.2678081691265106,0.2972555160522461,0.2649270370602608,0.5431897267699242,0.8,0.6,0.8,0.6
987.6,768.2,987.2,548.6,0.23803067207336426,0.24588432908058167,0.23720167577266693,0.5429247543215752,0.8,0.8,0.8,0.6
548.6,548.6,329.2,438.8,0.1205417662858963,0.13023093342781067,0.11886266618967056,0.470507949590683,1.0,0.8,1.0,0.8
658.2,549.0,548.8,329.2,0.2647182270884514,0.2911643236875534,0.3054289370775223,0.6580763161182404,1.0,0.8,1.0,0.4
548.6,438.6,439.2,219.4,0.46916941553354263,0.4863486737012863,0.37973783165216446,0.8788543939590454,0.8,0.8,0.8,0.19999999999999996
329.4,329.4,548.2,109.6,0.44591768831014633,0.44313330203294754,0.45326371490955353,0.6489365547895432,0.6,0.6,0.6,0.6
767.8,878.2,1206.6,438.8,0.3329343795776367,0.38627293705940247,0.30591604858636856,0.6581401079893112,0.8,0.6,0.8,0.4
548.6,439.0,548.6,329.0,0.46808846294879913,0.5120683163404465,0.37523116171360016,0.6581885516643524,0.6,0.6,0.6,0.4
329.2,548.6,438.8,329.0,0.15958750993013382,0.18498773872852325,0.13350416719913483,0.6275425925850868,1.0,1.0,1.0,0.6
438.8,439.0,329.2,219.2,0.13055023550987244,0.17803484201431274,0.08197802305221558,0.6273891627788544,1.0,1.0,1.0,0.6
658.0,549.0,548.4,219.4,1.1200458109378815,1.1310574561357498,0.9970646351575851,0.9089495688676834,0.0,0.0,0.0,0.19999999999999996
658.6,548.4,548.8,439.0,0.4502798616886139,0.4855593293905258,0.4063521698117256,0.6580802351236343,0.6,0.6,0.6,0.4
658.2,438.8,329.2,329.4,0.3952018916606903,0.45159292221069336,0.31067420542240143,0.8144540637731552,0.8,0.8,0.8,0.4
658.6,658.6,658.4,328.8,0.5058097094297409,0.5541592240333557,0.5440084636211395,0.8461506217718124,0.8,0.6,0.8,0.0
548.6,548.6,548.6,219.2,0.24547922238707542,0.2728227749466896,0.25273197889328003,0.47055676579475403,0.8,0.8,0.8,0.8
658.6,439.0,439.0,328.8,0.35866405814886093,0.41477198898792267,0.2888282462954521,0.7003962099552155,0.8,0.8,0.8,0.4
438.8,439.0,548.4,438.8,0.1465540947392583,0.1821712702512741,0.13838813453912735,0.7002531737089157,1.0,1.0,1.0,0.4
658.0,658.2,658.2,548.6,0.7878444120287895,0.8570230007171631,0.7366102263331413,0.8042348772287369,0.19999999999999996,0.19999999999999996,0.19999999999999996,0.0
548.6,438.8,439.0,329.2,0.49238967150449753,0.5147885903716087,0.48631614446640015,0.5431915894150734,0.6,0.6,0.6,0.6
768.0,768.0,767.8,219.2,0.6665134504437447,0.7347438186407089,0.7040751501917839,0.8025176823139191,0.4,0.4,0.4,0.0
548.6,439.0,438.8,219.4,0.12994185090065002,0.17803484201431274,0.08197802305221558,0.6288883686065674,1.0,1.0,1.0,0.6
658.4,877.8,658.2,219.4,0.5872483402490616,0.6292354464530945,0.5556327775120735,0.7723928093910217,0.4,0.4,0.4,0.19999999999999996
658.2,657.8,658.6,329.4,0.5169855058193207,0.5770313888788223,0.46928227692842484,0.7295048087835312,0.6,0.6,0.6,0.19999999999999996
548.2,439.0,548.4,439.2,0.8146848976612091,0.8433586061000824,0.7919862344861031,0.9061039835214615,0.19999999999999996,0.19999999999999996,0.19999999999999996,0.0
548.6,548.8,658.2,219.2,0.9657359719276428,1.0606071054935455,0.8662110939621925,0.7914120256900787,0.19999999999999996,0.0,0.19999999999999996,0.19999999999999996
548.2,439.0,329.4,219.4,0.43157821893692017,0.4654308408498764,0.3784440830349922,0.700566291809082,0.8,0.8,0.8,0.4
329.0,329.0,329.2,329.2,0.0673358365893364,0.07668115198612213,0.037964798510074615,0.5157756209373474,1.0,1.0,1.0,0.8
548.4,438.8,439.0,109.6,0.5863854829221964,0.6028812229633331,0.5263412296772003,0.7918310165405273,0.4,0.4,0.4,0.19999999999999996
438.6,438.8,439.0,219.6,0.18725495040416718,0.2069120854139328,0.23005026578903198,0.586396798491478,1.0,0.8,1.0,0.6
548.4,548.6,329.2,329.4,0.6686823219060898,0.72170290350914,0.5969190374016762,0.8435609638690948,0.4,0.4,0.4,0.19999999999999996
767.8,658.4,548.6,548.8,0.13019225746393204,0.1595495492219925,0.112100750207901,0.5146520137786865,1.0,1.0,1.0,0.8
439.0,548.6,438.8,329.2,0.1619930937886238,0.2133009061217308,0.11753389239311218,0.6286387890577316,1.0,1.0,1.0,0.6
438.8,548.8,329.0,439.0,0.014257201924920082,0.016472697257995605,0.013993427157402039,0.47121694684028625,1.0,1.0,1.0,0.8
658.6,548.6,658.2,548.2,0.5515198111534119,0.5668444484472275,0.5307046622037888,0.7636327147483826,0.6,0.6,0.6,0.4
877.8,548.4,768.2,329.2,0.5246302336454391,0.5538710653781891,0.5187385380268097,0.7922054454684258,0.4,0.4,0.4,0.19999999999999996
658.4,548.6,439.2,438.6,0.0,0.0,0.0,0.3990352526307106,1.0,1.0,1.0,1.0
548.8,548.8,439.0,548.2,0.2925599217414856,0.32733066380023956,0.24077681452035904,0.7012771964073181,0.8,0.8,0.8,0.4
987.0,658.4,1097.2,439.0,0.8996531330049038,0.9552556648850441,0.8056155182421207,0.876760870218277,0.19999999999999996,0.19999999999999996,0.19999999999999996,0.0
768.2,658.2,658.2,439.0,0.4508669525384903,0.4895900636911392,0.49445364624261856,0.7305242344737053,0.6,0.6,0.6,0.19999999999999996
438.8,219.6,329.2,438.8,0.12888649106025696,0.17803484201431274,0.12741892039775848,0.6292939931154251,1.0,1.0,1.0,0.6
658.6,548.4,438.8,109.6,0.47735854983329773,0.534870058298111,0.4894581064581871,0.8454738557338715,0.8,0.6,0.8,0.0
658.2,548.4,439.0,439.2,0.8134842962026596,0.877807542681694,0.7085005193948746,0.8012011349201202,0.19999999999999996,0.19999999999999996,0.19999999999999996,0.0
548.4,439.2,548.6,438.8,0.565493606030941,0.6084598302841187,0.5068868696689606,0.8437307253479958,0.6,0.6,0.6,0.19999999999999996
658.6,439.2,329.0,438.4,0.1584709957242012,0.18498773872852325,0.13350416719913483,0.6295443028211594,1.0,1.0,1.0,0.6
658.2,548.6,548.2,329.4,0.3980247676372528,0.46721916645765305,0.3161105290055275,0.886794313788414,0.8,0.8,0.8,0.0
328.8,329.2,329.2,219.4,0.2799491733312607,0.3203868865966797,0.22199396789073944,0.7004860937595367,0.8,0.8,0.8,0.4
767.8,658.0,548.6,329.4,0.20967844128608704,0.2560420036315918,0.187053382396698,0.5861435756087303,0.8,0.8,0.8,0.6
219.6,219.4,329.4,219.2,0.3455694392323494,0.3835694268345833,0.2277439832687378,0.6576723009347916,0.8,0.8,0.8,0.4
548.6,439.0,329.2,219.4,0.0,0.0,0.0,0.4007735475897789,1.0,1.0,1.0,1.0
548.4,548.4,658.6,329.2,0.41069246083498,0.42635253071784973,0.3875851184129715,0.7636896818876266,0.6,0.6,0.6,0.4
658.4,548.6,658.4,329.0,0.33224397152662277,0.3739366680383682,0.3761146366596222,0.6576060354709625,0.8,0.6,0.8,0.4
548.4,658.4,658.4,329.2,0.5771599635481834,0.6359539479017258,0.4861775189638138,0.7289494797587395,0.4,0.4,0.4,0.19999999999999996
438.8,548.6,548.6,219.4,1.005206897854805,1.0856549441814423,0.9030379354953766,0.6850888282060623,0.0,0.0,0.0,0.19999999999999996
658.2,658.2,658.2,329.4,0.4371020495891571,0.4357784241437912,0.5140679031610489,0.8778331205248833,0.8,0.6,0.8,0.19999999999999996
767.8,548.8,548.4,329.0,0.6568859964609146,0.6943937093019485,0.5305032581090927,0.7286751568317413,0.4,0.4,0.4,0.4
768.2,768.0,658.2,329.2,0.8858594000339508,0.9472186863422394,0.8960865288972855,0.7710536420345306,0.19999999999999996,0.19999999999999996,0.19999999999999996,0.19999999999999996
549.0,658.2,548.4,329.0,0.23939868062734604,0.2629949003458023,0.23857952654361725,0.5869692638516426,0.8,0.8,0.8,0.6
877.6,658.2,768.2,219.4,0.7126880437135696,0.7670374661684036,0.7119093164801598,0.7975337207317352,0.4,0.19999999999999996,0.4,0.0
658.4,439.0,548.6,328.8,0.0637018233537674,0.08901742100715637,0.04098901152610779,0.5175077617168427,1.0,1.0,1.0,0.8
548.6,548.6,548.6,219.4,0.47173988074064255,0.5472063273191452,0.4924823194742203,0.8405250161886215,0.8,0.6,0.8,0.0
548.4,329.0,219.6,329.2,0.5364012122154236,0.5417741984128952,0.5307897925376892,0.7201547175645828,0.4,0.4,0.4,0.4
438.6,438.6,548.6,329.4,0.4079577550292015,0.45818890631198883,0.4514933079481125,0.7270227521657944,0.8,0.6,0.8,0.19999999999999996
658.6,548.6,548.6,438.8,0.21208174526691437,0.24370573461055756,0.18402916938066483,0.5869280397891998,0.8,0.8,0.8,0.6
548.8,548.6,438.6,329.2,0.340615876019001,0.3815077543258667,0.34030570834875107,0.6135900318622589,0.8,0.6,0.8,0.4
768.2,877.8,658.2,329.0,0.47086016088724136,0.5472063273191452,0.5379232168197632,0.8403540253639221,0.8,0.6,0.8,0.0
658.4,548.6,438.6,329.2,0.8284205421805382,0.8809124380350113,0.7613702714443207,0.7721389681100845,0.4,0.4,0.4,0.4
548.6,548.6,438.8,438.8,0.24285250529646873,0.2728227749466896,0.25273197889328003,0.47351717948913574,0.8,0.8,0.8,0.8
658.0,767.8,438.8,439.2,0.4833270460367203,0.5424411445856094,0.5268719792366028,0.7965879440307617,0.8,0.6,0.8,0.0
767.8,549.0,548.4,438.8,0.5721159875392914,0.6783850789070129,0.440072700381279,0.8397206366062164,0.6,0.6,0.6,0.0
548.4,658.4,439.0,219.6,0.3267808258533478,0.38627293705940247,0.30591604858636856,0.6566565781831741,0.8,0.6,0.8,0.4
768.2,548.6,438.8,438.8,0.3017917573451996,0.3520123213529587,0.27956853806972504,0.7003408968448639,0.8,0.8,0.8,0.4
438.8,658.2,438.8,219.4,0.0,0.0,0.0,0.4052407667040825,1.0,1.0,1.0,1.0
439.0,548.8,438.8,219.4,0.09406846016645432,0.09597031772136688,0.09251515567302704,0.5174685269594193,1.0,1.0,1.0,0.8
767.8,548.8,548.4,438.8,0.6806698590517044,0.7087987810373306,0.6768541634082794,0.790437251329422,0.19999999999999996,0.19999999999999996,0.19999999999999996,0.19999999999999996
658.6,439.0,438.6,329.0,0.5273330211639404,0.5321426540613174,0.5778565555810928,0.9470239579677582,0.6,0.6,0.6,0.0
438.8,329.2,548.4,219.4,0.014181815087795258,0.016472697257995605,0.013993427157402039,0.4742580056190491,1.0,1.0,1.0,0.8
658.2,548.6,439.0,438.8,0.220640167593956,0.25127682089805603,0.2214430421590805,0.5435676649212837,0.8,0.8,0.8,0.6
439.0,548.8,329.0,548.6,0.06297311186790466,0.08901742100715637,0.04098901152610779,0.5168552994728088,1.0,1.0,1.0,0.8
329.2,439.0,438.8,219.4,0.38489705324172974,0.4107055068016052,0.29847463965415955,0.5432009026408195,0.6,0.6,0.6,0.6
329.2,438.8,438.8,219.4,0.3728227764368057,0.34993448853492737,0.3846861645579338,0.7638460993766785,0.6,0.6,0.6,0.4
548.6,548.6,438.6,219.4,0.3502248674631119,0.41697539389133453,0.3736196532845497,0.7709887251257896,0.8,0.8,0.8,0.19999999999999996
767.8,548.6,329.0,329.2,0.09411858022212982,0.09597031772136688,0.09251515567302704,0.5169107019901276,1.0,1.0,1.0,0.8
658.2,658.2,548.4,329.2,0.40196000784635544,0.47052517533302307,0.38129471987485886,0.7275525778532028,0.8,0.6,0.8,0.19999999999999996
877.6,438.8,548.2,439.0,0.5586823746562004,0.6034211963415146,0.5436971411108971,0.9045160710811615,0.6,0.4,0.6,0.0
548.2,438.8,439.0,329.4,0.18813081085681915,0.2670522630214691,0.12296703457832336,0.7440517991781235,1.0,1.0,1.0,0.4
658.4,767.8,768.2,329.2,0.6267665848135948,0.7093153148889542,0.6183345913887024,0.791006825864315,0.4,0.4,0.4,0.19999999999999996
439.0,439.0,329.0,219.6,0.12513414025306702,0.17803484201431274,0.08197802305221558,0.6301277503371239,1.0,1.0,1.0,0.6
329.0,329.2,219.6,439.0,0.0,0.0,0.0,0.4022512212395668,1.0,1.0,1.0,1.0
768.0,548.8,2084.6,438.8,0.12484872341156006,0.17803484201431274,0.08197802305221558,0.6294027119874954,1.0,1.0,1.0,0.6
548.6,328.8,548.6,329.2,0.12015863507986069,0.13449601083993912,0.09109234809875488,0.5864304676651955,1.0,1.0,1.0,0.6
658.2,768.0,767.8,219.4,0.6928751170635223,0.7470525354146957,0.6873572915792465,0.7571090757846832,0.4,0.4,0.4,0.0
439.2,329.0,438.8,329.0,0.27313434705138206,0.33272315561771393,0.2250181809067726,0.7007206380367279,0.8,0.8,0.8,0.4
548.6,548.6,548.8,219.4,0.1245642751455307,0.17803484201431274,0.08197802305221558,0.629963293671608,1.0,1.0,1.0,0.6
548.6,329.2,438.8,219.6,0.8304161727428436,0.9014989286661148,0.7367151752114296,0.8626173734664917,0.19999999999999996,0.19999999999999996,0.19999999999999996,0.0
548.8,548.2,549.0,329.2,0.21404634416103363,0.230466328561306,0.18360750377178192,0.7006265372037888,1.0,1.0,1.0,0.4
548.6,438.6,548.8,219.6,0.18241894990205765,0.18823491036891937,0.179148867726326,0.5432951003313065,0.8,0.8,0.8,0.6
768.0,439.0,658.2,329.0,0.5337468609213829,0.5722934901714325,0.498316191136837,0.7998697459697723,0.8,0.6,0.8,0.19999999999999996
438.8,438.8,329.4,328.8,0.1438826620578766,0.16702458262443542,0.1460643708705902,0.4724087417125702,0.8,0.8,0.8,0.8
548.8,439.0,329.2,219.2,0.09400469064712524,0.09597031772136688,0.09251515567302704,0.5153771787881851,1.0,1.0,1.0,0.8
548.4,658.2,548.4,439.2,0.8780357763171196,1.0032622516155243,0.5970082879066467,0.7999841868877411,0.19999999999999996,0.19999999999999996,0.19999999999999996,0.0
548.6,438.6,548.6,219.6,0.22462179511785507,0.26017843186855316,0.19802259653806686,0.6572915613651276,0.8,0.8,0.8,0.4
767.8,548.4,548.4,219.4,0.3419208228588104,0.37930434942245483,0.2555143013596535,0.5428756847977638,0.8,0.6,0.8,0.6
439.0,329.4,329.0,219.2,0.0,0.0,0.0,0.4014362022280693,1.0,1.0,1.0,1.0
548.4,658.0,219.6,439.0,0.16069191694259644,0.172651469707489,0.13047995418310165,0.6298988237977028,1.0,1.0,1.0,0.6
768.0,548.4,768.0,109.8,0.3610088713467121,0.4092027321457863,0.4116705060005188,0.6574525237083435,0.8,0.6,0.8,0.4
548.8,438.8,438.6,329.2,0.2892242819070816,0.32733066380023956,0.24077681452035904,0.7011373937129974,0.8,0.8,0.8,0.4
438.6,439.0,438.8,219.2,0.18461880087852478,0.2069120854139328,0.23005026578903198,0.5863146930932999,1.0,0.8,1.0,0.6
657.8,768.0,548.6,439.0,0.13202018290758133,0.14670363068580627,0.1328560933470726,0.5427187010645866,1.0,0.8,1.0,0.6
329.2,13165.6,439.0,219.2,0.24083898682147264,0.2547859400510788,0.2137812301516533,0.6574173122644424,0.8,0.8,0.8,0.4
658.4,877.6,767.8,219.6,0.599014438688755,0.6667655184864998,0.5742122530937195,0.7280904054641724,0.4,0.6,0.4,0.19999999999999996
35656.8,1426.4,1316.4,439.0,0.2463858164846897,0.2959295064210892,0.27103927731513977,0.7012471705675125,1.0,0.8,1.0,0.4
2084.2,1426.2,3949.8,439.0,0.5650926977396011,0.628377765417099,0.3921659365296364,0.6132958829402924,0.6,0.4,0.6,0.4
768.2,768.0,438.8,329.0,0.06188378855586052,0.08901742100715637,0.04098901152610779,0.5157287120819092,1.0,1.0,1.0,0.8
439.0,329.0,329.0,219.4,0.09397906064987183,0.09597031772136688,0.09251515567302704,0.5155647397041321,1.0,1.0,1.0,0.8
548.8,548.6,657.8,438.8,0.246087945997715,0.2959295064210892,0.3164801746606827,0.7012160420417786,1.0,0.8,1.0,0.4
438.8,329.0,438.8,0.0,0.18574988469481468,0.21117716282606125,0.1290571466088295,0.7011774331331253,1.0,1.0,1.0,0.4
987.2,768.4,768.0,219.4,0.6545629426836967,0.6913191080093384,0.6475060656666756,0.6572466045618057,0.6,0.4,0.6,0.4
329.4,329.0,438.8,329.2,0.46109331771731377,0.4810231998562813,0.4559360332787037,0.7308513224124908,0.6,0.6,0.6,0.4
438.8,438.8,658.4,219.4,0.08024059981107712,0.09315384924411774,0.051958225667476654,0.5864096134901047,1.0,1.0,1.0,0.6
439.0,439.0,439.2,329.0,0.0,0.0,0.0,0.4008464515209198,1.0,1.0,1.0,1.0
548.8,438.6,329.2,219.6,0.12339379638433456,0.17803484201431274,0.08197802305221558,0.6299042701721191,1.0,1.0,1.0,0.6
658.4,438.8,548.2,548.4,0.3290569633245468,0.36470313370227814,0.24290673434734344,0.6139604449272156,0.8,0.8,0.8,0.4
329.2,548.8,109.8,4498.2,0.2233934849500656,0.24907341599464417,0.1366516351699829,0.47076284885406494,0.8,0.8,0.8,0.8
438.6,329.0,219.4,329.2,0.0,0.0,0.0,0.3990291804075241,1.0,1.0,1.0,1.0
768.0,548.6,658.4,548.6,0.4252096675336361,0.44251875951886177,0.40374283865094185,0.7642249315977097,0.6,0.6,0.6,0.4
438.6,329.0,439.0,438.8,0.3248623237013817,0.362575501203537,0.26968519389629364,0.7009274363517761,0.8,0.8,0.8,0.6
328.8,329.0,329.2,439.0,0.0,0.0,0.0,0.3990260139107704,1.0,1.0,1.0,1.0
438.8,329.0,439.0,109.8,0.3282880336046219,0.3782017454504967,0.2751215174794197,0.7730713933706284,0.8,0.8,0.8,0.19999999999999996
329.2,439.0,329.2,219.2,0.06617937982082367,0.07668115198612213,0.11118759959936142,0.5141261518001556,1.0,1.0,1.0,0.8
548.6,438.6,658.2,438.8,0.23694396018981934,0.2629949003458023,0.23857952654361725,0.5858495011925697,0.8,0.8,0.8,0.6
658.2,548.2,658.6,439.0,0.33199600130319595,0.4217405766248703,0.2660071924328804,0.8166997954249382,0.8,0.8,0.8,0.19999999999999996
548.6,548.6,548.6,219.6,0.7751275412738323,0.8424505293369293,0.6703011244535446,0.9081065952777863,0.19999999999999996,0.19999999999999996,0.19999999999999996,0.0
548.8,548.4,329.2,439.0,0.3442239658907056,0.3818451762199402,0.31153058260679245,0.7296354174613953,0.8,0.8,0.8,0.19999999999999996
548.6,548.4,548.6,439.0,0.1837000921368599,0.2670522630214691,0.16840793192386627,0.7438809871673584,1.0,1.0,1.0,0.4
219.4,439.0,438.6,109.6,0.0648764818906784,0.07053212821483612,0.07111173868179321,0.39916496723890305,1.0,1.0,1.0,1.0
768.2,548.2,438.8,439.0,0.6665670722723007,0.7099274098873138,0.631684698164463,0.90825454890728,0.4,0.4,0.4,0.0
438.8,329.2,329.0,329.2,0.06109531596302986,0.08901742100715637,0.04098901152610779,0.5135776698589325,1.0,1.0,1.0,0.8
329.4,219.4,219.2,438.6,0.0,0.0,0.0,0.39749257266521454,1.0,1.0,1.0,1.0
658.4,438.8,548.4,329.2,0.7854144014418125,0.8352307081222534,0.8014133870601654,0.9092513173818588,0.19999999999999996,0.19999999999999996,0.19999999999999996,0.0
768.0,439.0,438.4,219.4,0.27159684896469116,0.28905677050352097,0.2736508846282959,0.47058746218681335,0.6,0.8,0.6,0.8
548.4,438.8,768.2,109.8,0.4018302336335182,0.45818890631198883,0.4514933079481125,0.7300652712583542,0.8,0.6,0.8,0.19999999999999996
548.2,548.8,329.0,329.0,0.20879791676998138,0.24370573461055756,0.18402916938066483,0.5858161225914955,0.8,0.8,0.8,0.6
438.8,548.6,439.0,219.6,0.788382925093174,0.8376853466033936,0.7337908446788788,0.8653091788291931,0.19999999999999996,0.19999999999999996,0.19999999999999996,0.0
548.4,438.4,439.0,219.6,0.10770693700760603,0.11244301497936249,0.10650858283042908,0.5859818309545517,1.0,1.0,1.0,0.6
767.6,548.4,548.6,329.4,0.4676191210746765,0.534870058298111,0.4162353053689003,0.8442761898040771,0.8,0.6,0.8,0.0
439.0,329.2,548.4,109.6,0.512291856110096,0.5670145899057388,0.45387887954711914,0.7722587734460831,0.6,0.6,0.6,0.4
548.4,439.0,658.0,0.0,0.40522053092718124,0.4432174563407898,0.4064733535051346,0.7719743177294731,0.8,0.8,0.8,0.19999999999999996
548.6,219.2,329.2,219.4,0.0,0.0,0.0,0.4003920778632164,1.0,1.0,1.0,1.0
548.6,439.0,438.8,219.4,0.19717362336814404,0.2233847826719284,0.24404369294643402,0.6576000303030014,1.0,0.8,1.0,0.4
548.4,329.0,438.8,219.6,0.20313546434044838,0.2560420036315918,0.187053382396698,0.5860625132918358,0.8,0.8,0.8,0.6
548.0,548.6,439.2,439.0,0.26275996398180723,0.3099292069673538,0.23917612433433533,0.6576143950223923,0.8,0.8,0.8,0.4
548.8,548.8,438.8,438.6,0.15602520387619734,0.18349727988243103,0.16005779802799225,0.5428374856710434,0.8,0.8,0.8,0.6
548.2,329.0,329.4,329.2,0.16311117261648178,0.1824793443083763,0.14463240653276443,0.5144093781709671,1.0,1.0,1.0,0.8
548.2,438.8,439.2,219.4,0.2687003090977669,0.33272315561771393,0.2250181809067726,0.7009157091379166,0.8,0.8,0.8,0.4
658.2,438.8,658.4,219.6,0.517746090888977,0.5451062321662903,0.5704117342829704,0.9077845215797424,0.6,0.6,0.6,0.0
548.2,548.6,219.6,439.0,0.18672454729676247,0.22025380283594131,0.16906003654003143,0.6289738640189171,1.0,1.0,1.0,0.6
548.6,767.6,548.8,329.2,0.8251119405031204,0.7955263555049896,0.8682340979576111,0.9714925587177277,0.19999999999999996,0.19999999999999996,0.19999999999999996,0.0
438.6,329.0,329.4,329.2,0.0,0.0,0.0,0.3992495685815811,1.0,1.0,1.0,1.0
439.0,438.8,438.8,109.8,0.3023774530738592,0.3422272652387619,0.18860986083745956,0.6577581763267517,0.8,0.8,0.8,0.4
438.8,548.4,439.0,329.4,0.6483757570385933,0.6854622885584831,0.6401297189295292,0.8032753765583038,0.4,0.4,0.4,0.19999999999999996
438.8,329.4,438.8,219.4,0.865111380815506,0.9132378697395325,0.8610478490591049,0.8642459511756897,0.0,0.0,0.0,0.0
439.0,548.8,438.6,109.6,0.06046377494931221,0.08901742100715637,0.04098901152610779,0.5148256868124008,1.0,1.0,1.0,0.8
329.0,438.6,439.0,439.2,0.06037359684705734,0.08901742100715637,0.04098901152610779,0.5142588317394257,1.0,1.0,1.0,0.8
548.6,219.6,329.2,329.0,0.06032858043909073,0.08901742100715637,0.04098901152610779,0.5139022618532181,1.0,1.0,1.0,0.8
877.8,767.8,877.8,219.6,0.9703671038150787,1.026641845703125,0.9630267471075058,0.8454828858375549,0.19999999999999996,0.19999999999999996,0.19999999999999996,0.0
658.2,658.0,439.0,329.2,0.11842282116413116,0.13449601083993912,0.09109234809875488,0.58577511459589,1.0,1.0,1.0,0.6
548.4,658.4,658.2,329.2,0.1833144575357437,0.2069120854139328,0.23005026578903198,0.5858665853738785,1.0,0.8,1.0,0.6
768.0,219.6,548.4,438.8,0.44043392688035965,0.49280643463134766,0.3885478600859642,0.7723497003316879,0.8,0.6,0.8,0.4
438.8,329.0,329.2,109.8,0.24095483124256134,0.3560696840286255,0.16395604610443115,0.8596558719873428,1.0,1.0,1.0,0.19999999999999996
439.0,548.6,658.2,329.2,0.49689146876335144,0.5371346920728683,0.5359153971076012,0.7300419360399246,0.6,0.6,0.6,0.19999999999999996
438.8,439.0,438.8,329.2,0.39073872938752174,0.47284775972366333,0.37254954129457474,0.7637857049703598,0.8,0.6,0.8,0.4
438.6,548.6,439.0,219.4,0.4241762086749077,0.505115419626236,0.3237050175666809,0.6578743010759354,0.6,0.6,0.6,0.4
439.0,329.2,438.6,109.8,0.15359267592430115,0.18498773872852325,0.13350416719913483,0.6284619048237801,1.0,1.0,1.0,0.6
329.0,219.6,438.6,219.6,0.26762522011995316,0.33272315561771393,0.2250181809067726,0.7006401419639587,0.8,0.8,0.8,0.4
438.6,548.6,439.0,329.4,0.47907084692269564,0.5511923432350159,0.44884977489709854,0.8361075446009636,0.6,0.6,0.6,0.19999999999999996
548.2,438.6,329.4,439.2,0.20760095864534378,0.24370573461055756,0.18402916938066483,0.5857701674103737,0.8,0.8,0.8,0.6
768.2,658.2,548.6,219.4,0.40273480862379074,0.4865246117115021,0.40618036687374115,0.8154359608888626,0.6,0.6,0.6,0.19999999999999996
658.6,439.2,329.0,438.4,0.9878687188029289,1.0636664479970932,0.8748058527708054,0.7305446118116379,0.19999999999999996,0.19999999999999996,0.19999999999999996,0.19999999999999996
548.6,658.0,658.4,439.0,0.13380615413188934,0.13435527682304382,0.1331007182598114,0.4712785482406616,0.8,0.8,0.8,0.8
328.8,438.6,219.2,329.4,0.4041861295700073,0.44058266282081604,0.37476055324077606,0.6574034467339516,0.6,0.6,0.6,0.6
438.8,438.8,658.2,329.2,0.42321961373090744,0.505115419626236,0.3237050175666809,0.6578171104192734,0.6,0.6,0.6,0.4
658.4,549.0,438.6,219.2,0.013652724213898182,0.016472697257995605,0.013993427157402039,0.4713582843542099,1.0,1.0,1.0,0.8
658.4,548.6,548.8,219.2,0.8604607135057449,0.8833491578698158,0.8481255173683167,0.6152803897857666,0.0,0.19999999999999996,0.0,0.4
219.2,329.0,329.2,219.4,0.05948281288146973,0.08901742100715637,0.04098901152610779,0.5139358043670654,1.0,1.0,1.0,0.8
439.0,548.4,329.2,219.4,0.20724643021821976,0.24370573461055756,0.18402916938066483,0.5856625661253929,0.8,0.8,0.8,0.6
438.8,548.6,438.6,439.0,0.58342101611197,0.603622741997242,0.5777081847190857,0.5431450977921486,0.4,0.6,0.4,0.6
548.6,438.8,438.8,329.2,0.3010385185480118,0.29992060363292694,0.3375668525695801,0.6489957198500633,0.6,0.6,0.6,0.6
549.0,439.2,328.8,329.0,0.2722662426531315,0.27658411115407944,0.2717423476278782,0.6594367027282715,0.8,0.8,0.8,0.6
329.2,439.0,438.6,109.8,0.3466016799211502,0.33733510971069336,0.3465961068868637,0.6486877128481865,0.6,0.6,0.6,0.6
548.4,548.6,438.8,329.2,0.09708715975284576,0.10579819232225418,0.10666760802268982,0.3981437534093857,1.0,1.0,1.0,1.0
658.6,548.6,548.4,438.8,0.6891882568597794,0.7510361522436142,0.661517046391964,0.9173763990402222,0.6,0.4,0.6,0.0
439.0,439.0,548.6,438.6,0.15956564992666245,0.172651469707489,0.20370275527238846,0.6285271570086479,1.0,1.0,1.0,0.6
658.6,658.2,549.0,328.8,0.2000892162322998,0.2499508112668991,0.2275552824139595,0.7005800157785416,1.0,1.0,1.0,0.4
329.4,438.8,329.2,438.6,0.05920189619064331,0.08901742100715637,0.04098901152610779,0.5131854861974716,1.0,1.0,1.0,0.8
658.2,439.0,548.2,438.8,0.2955188527703285,0.34443067014217377,0.34662406891584396,0.7304870560765266,0.8,0.8,0.8,0.19999999999999996
548.8,439.0,548.2,438.8,0.738349124789238,0.8002708405256271,0.6665614694356918,0.8650330007076263,0.19999999999999996,0.19999999999999996,0.19999999999999996,0.0
658.6,329.4,329.0,328.8,0.2804748937487602,0.33809083700180054,0.1776406466960907,0.5860951691865921,0.8,0.8,0.8,0.6
548.6,548.4,658.6,438.8,0.8129105865955353,0.8274515122175217,0.6967654302716255,0.7920202687382698,0.19999999999999996,0.19999999999999996,0.19999999999999996,0.19999999999999996
439.0,438.8,438.8,329.2,0.20002905651926994,0.2560420036315918,0.187053382396698,0.5862267315387726,0.8,0.8,0.8,0.6
329.2,219.4,548.4,219.6,0.20034539978951216,0.22091178596019745,0.19818711280822754,0.5429916977882385,0.8,0.8,0.8,0.6
438.8,219.4,219.4,219.4,0.0,0.0,0.0,0.4001475125551224,1.0,1.0,1.0,1.0
438.4,438.8,439.2,329.4,0.7106192335486412,0.7621434405446053,0.6780945174396038,0.9176620095968246,0.4,0.4,0.4,0.0
658.0,329.2,439.0,439.0,0.7762825936079025,0.8494608402252197,0.7431479245424271,0.8003569096326828,0.19999999999999996,0.19999999999999996,0.19999999999999996,0.19999999999999996
548.8,548.8,329.0,438.6,0.11828160285949707,0.17803484201431274,0.08197802305221558,0.6298659518361092,1.0,1.0,1.0,0.6
658.2,658.4,658.2,548.6,0.38981426507234573,0.42615632712841034,0.4132135733962059,0.7009671777486801,0.8,0.8,0.8,0.4
768.0,658.0,548.4,548.6,0.3457263093441725,0.3979804515838623,0.3542991355061531,0.6861913353204727,0.8,0.6,0.8,0.19999999999999996
548.4,438.8,549.0,438.8,0.07953140884637833,0.09315384924411774,0.051958225667476654,0.5862849354743958,1.0,1.0,1.0,0.6
219.4,439.2,438.8,329.0,0.20641311258077621,0.24370573461055756,0.18402916938066483,0.5862317234277725,0.8,0.8,0.8,0.6
328.8,329.2,438.8,219.6,0.1404767632484436,0.16702458262443542,0.1460643708705902,0.47117821872234344,0.8,0.8,0.8,0.8
438.8,329.2,219.4,329.2,0.0,0.0,0.0,0.3992711752653122,1.0,1.0,1.0,1.0
658.0,548.6,548.8,438.8,0.1658583963289857,0.20146043598651886,0.14749759435653687,0.7011542916297913,1.0,1.0,1.0,0.4
658.6,549.0,658.2,328.8,0.4723903238773346,0.5159749835729599,0.43011150509119034,0.8161376267671585,0.6,0.6,0.6,0.19999999999999996
658.2,439.0,658.2,219.4,0.5743582621216774,0.6402148455381393,0.5708988457918167,0.9081534892320633,0.4,0.4,0.4,0.0
548.6,548.6,548.4,438.8,0.6872934252023697,0.6896830797195435,0.7239183634519577,0.8784380704164505,0.4,0.4,0.4,0.19999999999999996
438.6,439.0,439.2,329.4,0.47666598577052355,0.48403874039649963,0.4794522002339363,0.7925592809915543,0.6,0.4,0.6,0.19999999999999996
439.2,548.8,767.8,219.2,0.0933513194322586,0.09597031772136688,0.09251515567302704,0.5145330876111984,1.0,1.0,1.0,0.8
219.4,329.0,329.4,329.2,0.0,0.0,0.0,0.3995620831847191,1.0,1.0,1.0,1.0
878.0,768.0,767.8,109.8,0.8597542345523834,0.9449185132980347,0.860203929245472,0.8357147946953773,0.4,0.19999999999999996,0.4,0.19999999999999996
658.4,329.2,328.8,219.6,0.20607756078243256,0.24370573461055756,0.18402916938066483,0.5858666896820068,0.8,0.8,0.8,0.6
548.4,329.2,438.8,219.4,0.14512290060520172,0.15378517657518387,0.1456427052617073,0.5857804864645004,1.0,1.0,1.0,0.6
658.4,877.8,768.0,219.4,0.6214731633663177,0.6131555736064911,0.6123939007520676,0.8357873111963272,0.19999999999999996,0.19999999999999996,0.19999999999999996,0.19999999999999996
768.0,658.4,438.8,548.4,0.5063475891947746,0.5677192360162735,0.4847879782319069,0.7304285615682602,0.6,0.6,0.6,0.19999999999999996
767.8,548.4,438.8,219.4,0.09323904663324356,0.09597031772136688,0.09251515567302704,0.5132310837507248,1.0,1.0,1.0,0.8
329.4,548.6,438.6,109.6,0.5016084015369415,0.583122581243515,0.42878037691116333,0.6155577301979065,0.4,0.4,0.4,0.4
548.6,658.6,438.6,329.0,0.41614390909671783,0.5177108943462372,0.35852234810590744,0.9317007809877396,0.8,0.8,0.8,0.0
548.2,658.0,439.0,329.2,0.45441293716430664,0.5120683163404465,0.37523116171360016,0.6581220179796219,0.6,0.6,0.6,0.4
438.8,438.6,548.6,219.4,0.7770275473594666,0.7638391852378845,0.8140390515327454,0.6483436971902847,0.4,0.4,0.4,0.6
548.6,438.8,329.2,438.8,0.1983570046722889,0.2560420036315918,0.187053382396698,0.5855353623628616,0.8,0.8,0.8,0.6
329.2,548.6,329.2,329.4,0.13982632756233215,0.16702458262443542,0.1460643708705902,0.47042664885520935,0.8,0.8,0.8,0.8
438.6,438.6,439.0,329.4,0.18228137493133545,0.2069120854139328,0.23005026578903198,0.5855673253536224,1.0,0.8,1.0,0.6
548.6,329.0,219.4,439.0,0.3812888562679291,0.3819694370031357,0.2990540564060211,0.6481603533029556,0.6,0.6,0.6,0.6
329.2,439.0,548.4,329.2,0.2654980029910803,0.2975929379463196,0.23615191131830215,0.6581529527902603,0.8,0.8,0.8,0.4
548.6,549.0,219.2,438.8,0.05832136422395706,0.08901742100715637,0.04098901152610779,0.5131595134735107,1.0,1.0,1.0,0.8
438.6,548.6,658.4,329.2,0.5134361982345581,0.5764013379812241,0.5357508808374405,0.8460803776979446,0.6,0.6,0.6,0.0
548.0,548.6,438.8,439.2,0.7632575705647469,0.8570230007171631,0.7366102263331413,0.8021906912326813,0.19999999999999996,0.19999999999999996,0.19999999999999996,0.0
548.6,548.8,438.6,219.4,0.20535876601934433,0.24370573461055756,0.18402916938066483,0.5860072448849678,0.8,0.8,0.8,0.6
548.4,438.8,329.4,438.8,0.7987782210111618,0.8812158554792404,0.7188442498445511,0.6148243397474289,0.19999999999999996,0.19999999999999996,0.19999999999999996,0.4
329.0,329.0,548.8,109.8,0.013442414812743664,0.016472697257995605,0.013993427157402039,0.47110649943351746,1.0,1.0,1.0,0.8
658.0,438.8,548.6,329.2,0.4553629234433174,0.4662216752767563,0.4035327881574631,0.7204043418169022,0.6,0.6,0.6,0.4
329.2,329.0,219.4,109.8,0.20530211925506592,0.24370573461055756,0.18402916938066483,0.5859491378068924,0.8,0.8,0.8,0.6
548.6,438.8,329.4,219.2,0.46865298599004745,0.48040029406547546,0.4711182862520218,0.5139914751052856,0.8,0.8,0.8,0.8
768.2,767.8,768.0,219.2,0.5680972933769226,0.6476601660251617,0.5556703358888626,0.844864159822464,0.4,0.4,0.4,0.0
439.0,329.2,439.0,329.0,0.38566160947084427,0.39367565512657166,0.36854687333106995,0.763451561331749,0.6,0.6,0.6,0.4
438.8,438.8,438.8,329.2,0.0,0.0,0.0,0.39874017238616943,1.0,1.0,1.0,1.0
438.8,439.0,219.4,329.2,0.05793914198875427,0.08901742100715637,0.04098901152610779,0.5134232491254807,1.0,1.0,1.0,0.8
548.8,438.8,329.4,438.8,0.5425911694765091,0.5931887775659561,0.5246729701757431,0.658052921295166,0.6,0.6,0.6,0.4
658.4,548.8,438.8,658.0,0.25667838007211685,0.2911643236875534,0.3054289370775223,0.6579240709543228,1.0,0.8,1.0,0.4
548.4,438.6,439.2,109.8,0.3371737524867058,0.41697539389133453,0.3736196532845497,0.7732258066534996,0.8,0.8,0.8,0.19999999999999996
548.4,548.4,548.8,219.6,0.2564403861761093,0.2911643236875534,0.3054289370775223,0.6579617708921432,1.0,0.8,1.0,0.4
439.0,438.8,548.4,0.0,0.47106064669787884,0.5255039036273956,0.4253220856189728,0.8883394449949265,0.6,0.6,0.6,0.0
438.8,329.4,329.2,219.2,0.26252588629722595,0.33272315561771393,0.2250181809067726,0.7009676843881607,0.8,0.8,0.8,0.4
548.4,329.0,548.8,329.2,0.2528045903891325,0.3124022036790848,0.211809903383255,0.7727132588624954,1.0,0.8,1.0,0.19999999999999996
548.4,658.6,548.2,329.2,0.6142432168126106,0.7133535146713257,0.5476430431008339,0.6860527396202087,0.4,0.19999999999999996,0.4,0.19999999999999996
438.6,329.2,219.4,329.2,0.31987086683511734,0.362575501203537,0.26968519389629364,0.7010622322559357,0.8,0.8,0.8,0.6
658.2,548.4,329.2,548.6,0.5538230687379837,0.5953487902879715,0.5549909099936485,0.5430080741643906,0.6,0.4,0.6,0.6
438.6,219.4,439.2,219.6,0.09308966994285583,0.09597031772136688,0.09251515567302704,0.5146632939577103,1.0,1.0,1.0,0.8
767.8,768.2,548.4,438.8,0.4273099433630705,0.4579289108514786,0.4071340709924698,0.6576848328113556,0.6,0.6,0.6,0.4
329.0,548.4,438.8,439.0,0.840452529489994,0.9463189393281937,0.7093931809067726,0.9153462648391724,0.4,0.19999999999999996,0.4,0.0
548.4,219.6,329.2,0.0,0.23311591893434525,0.2484433650970459,0.27634304016828537,0.586328774690628,0.8,0.8,0.8,0.6
439.0,438.8,548.8,329.0,0.0,0.0,0.0,0.4010690748691559,1.0,1.0,1.0,1.0
548.8,439.0,438.6,109.6,0.12318963184952736,0.1656985729932785,0.1521766111254692,0.6299647018313408,1.0,1.0,1.0,0.6
548.4,329.2,329.0,329.2,0.11462078988552094,0.17803484201431274,0.08197802305221558,0.6297093406319618,1.0,1.0,1.0,0.6
658.6,438.6,658.0,219.6,0.7909895405173302,0.9164482355117798,0.6408106833696365,0.756848081946373,0.19999999999999996,0.19999999999999996,0.19999999999999996,0.0
329.0,438.6,439.2,219.4,0.12309645861387253,0.1656985729932785,0.0789538100361824,0.630038820207119,1.0,1.0,1.0,0.6
658.2,219.4,219.4,329.2,0.20418508350849152,0.24370573461055756,0.18402916938066483,0.5864204317331314,0.8,0.8,0.8,0.6
548.4,658.2,548.8,219.6,0.7327867746353149,0.7962475270032883,0.7166493982076645,0.7283116281032562,0.4,0.19999999999999996,0.4,0.19999999999999996
328.8,438.6,439.0,219.6,0.0967354103922844,0.10579819232225418,0.10666760802268982,0.40185756981372833,1.0,1.0,1.0,1.0
439.2,548.6,438.8,438.8,0.15001966804265976,0.18498773872852325,0.13350416719913483,0.6294901594519615,1.0,1.0,1.0,0.6
328.8,329.2,329.4,219.6,0.05685579776763916,0.08901742100715637,0.04098901152610779,0.5151527971029282,1.0,1.0,1.0,0.8
548.6,548.6,548.6,439.0,0.35795171558856964,0.4160979986190796,0.2827160060405731,0.5434933826327324,0.6,0.6,0.6,0.6
438.6,438.8,329.4,219.6,0.4799824319779873,0.5817965716123581,0.43489261716604233,0.7716553583741188,0.6,0.6,0.6,0.19999999999999996
329.4,548.6,439.0,329.2,0.4371534436941147,0.4651178568601608,0.43612824380397797,0.47207842767238617,0.6,0.6,0.6,0.8
548.8,439.0,548.2,219.2,0.11721988767385483,0.13449601083993912,0.09109234809875488,0.5861572474241257,1.0,1.0,1.0,0.6
548.6,548.6,658.4,0.0,0.522596463561058,0.6176424026489258,0.560143806040287,0.8432866930961609,0.6,0.4,0.6,0.0
548.4,548.6,329.0,439.0,0.1961863785982132,0.2499508112668991,0.2275552824139595,0.7004553079605103,1.0,1.0,1.0,0.4
658.2,219.4,439.0,109.6,0.013304898515343666,0.016472697257995605,0.013993427157402039,0.47221675515174866,1.0,1.0,1.0,0.8
658.2,657.8,548.4,439.2,0.3485032171010971,0.32154034078121185,0.3517371118068695,0.6927811354398727,0.6,0.6,0.6,0.6
548.4,329.0,219.6,439.2,0.11346551030874252,0.17803484201431274,0.08197802305221558,0.629317119717598,1.0,1.0,1.0,0.6
768.0,658.2,548.6,329.2,0.74753437936306,0.8741364926099777,0.679607555270195,0.791855975985527,0.19999999999999996,0.19999999999999996,0.19999999999999996,0.19999999999999996
438.8,438.4,548.8,439.2,0.2890463173389435,0.35456353425979614,0.19163407385349274,0.6572529524564743,0.8,0.8,0.8,0.4
768.2,658.2,658.4,329.2,0.45647241175174713,0.5409612506628036,0.5221790075302124,0.728208601474762,0.6,0.4,0.6,0.19999999999999996
439.2,548.6,109.6,329.0,0.05656931921839714,0.08901742100715637,0.04098901152610779,0.5157352387905121,1.0,1.0,1.0,0.8
439.0,438.8,329.4,219.2,0.2164735021069646,0.26017843186855316,0.19802259653806686,0.6572710871696472,0.8,0.8,0.8,0.4
658.4,548.4,548.6,329.0,0.597957469522953,0.7095545083284378,0.5078987032175064,0.7278991192579269,0.4,0.4,0.4,0.19999999999999996
548.6,438.6,548.6,219.6,0.7251574397087097,0.797816202044487,0.7178431749343872,0.9047133326530457,0.19999999999999996,0.19999999999999996,0.19999999999999996,0.0
438.6,438.8,439.2,329.2,1.0789268761873245,1.1633586883544922,1.0506393164396286,0.7988005876541138,0.0,0.0,0.0,0.19999999999999996
548.8,438.6,439.0,438.8,0.7903646975755692,0.9016573280096054,0.6890681758522987,0.7968303263187408,0.19999999999999996,0.19999999999999996,0.19999999999999996,0.0
548.8,438.8,438.6,219.4,0.2984752506017685,0.3286566734313965,0.30788737535476685,0.5431707426905632,0.6,0.6,0.6,0.6
657.8,438.8,439.0,329.2,0.5403543263673782,0.6205370873212814,0.4669096916913986,0.6129183918237686,0.4,0.4,0.4,0.4
548.6,768.0,548.4,329.4,0.2867920622229576,0.3520123213529587,0.27956853806972504,0.7008854150772095,0.8,0.8,0.8,0.4
548.4,548.6,328.8,329.2,0.2303493767976761,0.2629949003458023,0.23857952654361725,0.5869138091802597,0.8,0.8,0.8,0.6
877.6,767.8,548.6,329.4,0.20268169045448303,0.24370573461055756,0.18402916938066483,0.5869298130273819,0.8,0.8,0.8,0.6
